name,email,url,company,phone,boolean,guid,currency
Jordan Rios,quam.pellentesque.habitant@outlook.net,https://wikipedia.org,Malesuada Integer Industries,1-183-971-4618,False,CE3CA915-BFAB-AB63-7572-D81CE21DF9D1,8:21 PM
Howard Hardin,vitae.odio@outlook.couk,https://cnn.com,Justo Institute,1-549-847-6601,False,16507D85-1FD6-34B4-B919-D15AB9885F6A,7:05 PM
TaShya Knapp,luctus.felis@aol.com,https://yahoo.com,Quisque Company,1-621-605-9290,True,54ECB1B7-C822-773D-9D83-A5F5389B46E8,2:15 AM
Amal Williams,nunc.mauris.elit@hotmail.ca,http://ebay.com,Erat Nonummy Inc.,(839) 170-3452,True,991B41AC-68C3-D237-078A-FF37D7E082CB,1:53 PM
Nadine Dunlap,auctor@aol.net,https://baidu.com,Velit Aliquam Nisl Inc.,1-554-664-5603,True,46D2498A-0B29-4BEB-A6BE-A97F664ED056,2:57 AM
Roary Woodard,nullam@aol.edu,http://bbc.co.uk,Aliquam Ultrices LLP,1-733-871-1548,True,E5B5ABCE-344C-EED7-0C39-16ED4EA3B6D7,5:36 PM
Piper Mcdonald,interdum@aol.org,https://google.com,Neque Foundation,1-404-832-7243,False,B9954220-DD12-86D4-DA99-5E749653B7B6,12:48 PM
Orla Mendoza,pellentesque@aol.com,https://ebay.com,Aliquam Iaculis Lacus Corp.,1-920-281-1813,True,844A6765-AD19-E2D4-5EF4-9F99B559E87F,12:41 AM
Lael Craft,adipiscing.non@aol.com,https://netflix.com,Nonummy Incorporated,1-748-678-2279,True,E2ABCA2B-664B-DD91-899D-1B8A04E49642,3:53 PM
Bethany Solis,massa.suspendisse@icloud.ca,https://walmart.com,Sem Elit Corporation,1-832-392-3281,False,6825B0B5-D951-985A-652F-3E7B43A623BD,2:21 PM
Melvin Lang,augue@aol.couk,http://cnn.com,Sed Sapien Inc.,(374) 335-6814,False,1813BCD1-78AF-9AF5-E063-E7ACE799426A,8:07 PM
Boris Harrell,ligula.tortor@google.com,http://cnn.com,Metus In Institute,(368) 631-1545,False,583ACABA-BC3A-6907-4C47-58DCB54E9D39,11:49 AM
Ulric Kelley,cursus.non@google.couk,http://facebook.com,Tristique Pharetra Quisque Industries,(757) 639-5551,False,6676E0B9-1194-8DFD-9B2E-C124CC5DAE3E,5:01 PM
Dai Church,tincidunt.nibh@google.couk,https://zoom.us,Erat Vitae LLC,(956) 421-5867,False,29BCEB77-5255-5D44-4DB3-9E616C4EC8CA,11:35 PM
Idola Pope,mauris.suspendisse.aliquet@outlook.net,https://facebook.com,Vel Nisl Institute,1-256-977-4166,True,184A1AE7-693C-12A2-4572-D724C48A30E5,2:37 PM
Keefe Hogan,commodo.auctor.velit@aol.org,http://twitter.com,Malesuada LLP,1-312-321-8516,True,F5B5F7A7-2885-5A35-E079-2213467B251C,10:58 PM
Aurora White,malesuada.vel@icloud.ca,https://facebook.com,Placerat Orci Corp.,(413) 357-9632,False,675449A5-4D99-4AB4-6D2A-FBC41C564748,11:24 PM
Aidan Gilliam,eget.tincidunt@yahoo.couk,http://google.com,Ac Arcu Nunc Industries,1-847-863-2858,True,65543E2E-B863-AAE0-924E-EC3402C38E57,8:12 AM
Salvador Lindsey,imperdiet.ornare@hotmail.net,http://bbc.co.uk,Pede Corporation,(599) 932-3573,False,0DEA96A5-ECCF-7E25-AF75-1883B2A70C9A,1:26 PM
Maxwell Harris,mauris.sit@yahoo.ca,https://guardian.co.uk,Orci Sem Company,1-423-235-9716,False,C0DEFC39-5DD2-582D-97CA-8BB5112B1958,8:12 AM
Hedda Cleveland,vel@protonmail.org,http://naver.com,Leo Elementum Ltd,(316) 625-1385,False,2C590898-D589-C2E1-F29E-E71824DE8979,12:38 PM
Drake Bryant,ut.cursus@yahoo.org,https://ebay.com,Rutrum Fusce Ltd,1-463-311-5945,False,F7B2BAB2-4A71-F018-5A7D-8AA6DD36DDC2,8:47 AM
Price Dennis,egestas.hendrerit@icloud.org,https://wikipedia.org,Purus Duis Industries,(875) 344-6722,False,275DD381-7C78-4672-8EC8-96B333AF8E8C,7:52 AM
Sophia Love,sed.molestie.sed@hotmail.com,https://bbc.co.uk,In Lobortis Tellus Ltd,1-462-864-1156,True,3916A72D-34FB-8B86-8B39-01DF89217442,5:41 PM
Alea Montgomery,eu.augue@outlook.couk,http://youtube.com,Suscipit Nonummy Fusce PC,(575) 554-6249,False,83D6817A-D6B9-6496-7986-5561A62A9EBD,3:54 PM
Grant Burnett,etiam.vestibulum@aol.edu,https://reddit.com,Eros Nam Consequat Associates,1-394-321-2161,False,0493ED5E-53BA-749C-73EC-8BB59A5E2E38,4:23 AM
Adrian Norris,malesuada.vel@aol.couk,https://yahoo.com,Eleifend Nunc Corporation,(178) 638-4884,True,50B95191-D3EF-EB6A-1254-482D24382C3C,5:56 PM
Porter Bell,cum.sociis.natoque@icloud.net,https://twitter.com,Eget PC,1-613-641-6105,True,C46619B9-2DE1-ED1C-4E63-332D117B61F3,6:06 AM
Gage Bowman,tincidunt.neque@aol.edu,https://netflix.com,Eget Corp.,(127) 378-5238,False,D779519A-78F0-3F44-2004-BD377F92F427,2:31 PM
Nathan Mitchell,quis.accumsan.convallis@protonmail.org,https://whatsapp.com,Luctus Inc.,(462) 951-0533,True,4B5CB734-2862-F2E3-63C2-7B9D8314D6DD,3:59 PM
Cleo Kerr,pellentesque.ultricies.dignissim@icloud.couk,https://naver.com,In Hendrerit Consectetuer Foundation,1-485-639-6356,True,BAF73B71-578D-E64B-6781-85BA7B6BDC16,1:55 PM
Gage Lloyd,nulla@google.ca,https://twitter.com,Luctus Ipsum Leo Corp.,(677) 262-2387,True,8D9EAE6C-23E6-FA91-9382-B91F82E7DABF,6:31 AM
Harriet Dorsey,in@outlook.edu,http://baidu.com,Nascetur Ridiculus LLP,(252) 415-3719,True,676F33E1-C77F-B0AC-B7EF-50B59AA76D3D,7:48 AM
Graham Slater,pede.praesent.eu@protonmail.couk,http://ebay.com,Phasellus Dolor Elit Ltd,1-624-771-8386,False,AE748039-24E7-A48E-6DAF-96E135F2C841,3:35 PM
Fleur Reilly,dis@protonmail.ca,https://facebook.com,Dolor Ltd,(458) 610-7154,True,847943D9-A914-DD5C-C263-9827F1E888FC,10:53 AM
Fritz Hendricks,vitae@protonmail.com,https://instagram.com,Sapien Nunc Corporation,(589) 851-3871,True,981ABE1C-2D9E-26B4-CC41-3FC787DE482B,12:43 PM
Brittany Stanley,odio.phasellus@protonmail.edu,http://pinterest.com,Elit LLP,1-213-607-7381,False,7CB8AA78-5171-13C6-62FB-9B0CD9B1C90C,12:17 AM
Felicia Hendricks,sed@protonmail.edu,https://google.com,Lacus Aliquam Rutrum Associates,1-523-376-3247,False,17A3A9F4-CA76-FD6C-06C8-66FD1635AED0,12:39 PM
Jade Walker,et.magnis@hotmail.net,https://yahoo.com,At Sem Limited,1-320-677-7240,False,B51F44C2-9751-91AD-59D4-649ECD3AE613,1:35 PM
Cassandra Rasmussen,a@outlook.org,https://yahoo.com,A Feugiat Foundation,(378) 459-3530,True,1D3DAA0E-6C6A-2134-2B72-4FE87BB55DDC,7:10 AM
Kiara Fuller,non.magna@hotmail.couk,http://guardian.co.uk,Euismod LLC,1-582-833-7038,True,2A8C7264-4DE6-5BE1-11D2-89E7E9DAA1C5,11:41 PM
Malik Watkins,ac.eleifend@protonmail.com,http://baidu.com,Nunc Sollicitudin Commodo Ltd,(410) 758-2048,False,499DF527-83C8-96AD-A25D-7771B7BB7416,3:59 PM
Kylynn Bradford,enim.non@yahoo.edu,https://google.com,Arcu Iaculis PC,(996) 456-7848,False,AC0781A9-442D-ADCB-451D-84233AD84315,11:24 PM
Brandon Hill,urna.vivamus@protonmail.edu,https://naver.com,Lobortis Risus In LLP,(238) 373-6439,True,FE834A57-8A1C-D92E-D6B9-D033E1AC2179,9:34 AM
Renee West,eget@hotmail.net,https://nytimes.com,Orci Luctus Foundation,1-918-260-4544,True,25B9E008-9267-B2EA-3954-CB731990538A,7:25 AM
Alexander Pacheco,imperdiet.dictum@aol.org,https://wikipedia.org,Proin Dolor Ltd,1-571-419-3754,False,1D537AC0-BC53-8291-2032-12F867A05352,12:11 PM
Solomon Kramer,ipsum@outlook.net,http://naver.com,Lectus Cum Sociis Company,(651) 541-2318,False,52EC0D72-95AF-A228-4623-BD01719AA6C9,8:46 PM
Mohammad Rollins,ligula.tortor.dictum@yahoo.org,https://nytimes.com,Vel Industries,1-173-285-2116,True,D0CD1EAB-E2C4-AB1A-B419-F42475CC7595,8:44 AM
Conan Boone,vestibulum.ante@protonmail.org,https://guardian.co.uk,Nunc Laoreet Industries,(885) 681-5190,False,6D622116-3CC9-A7C7-7EBB-17C76D299C1F,3:30 PM
Darryl Brooks,libero.at@hotmail.net,https://naver.com,Aliquet Associates,(873) 890-2311,True,232E9BE4-0DC3-5F2A-4481-AAEE23687A48,3:26 AM
Otto Marquez,vitae@aol.ca,https://guardian.co.uk,Vestibulum Lorem Sit Corp.,(353) 637-5736,True,A4DDD177-1C24-9BAC-A388-2EB62EFB092A,12:35 AM
Heather Stevens,donec.est@protonmail.edu,https://pinterest.com,A Malesuada Company,(325) 878-7686,False,0F50D1C1-942A-756A-3256-64B76B129ABC,3:04 PM
Rachel Peters,elit@google.org,http://cnn.com,Dolor Corp.,(896) 540-9991,False,1876D957-6DBA-49E0-1915-44BDEC7964F3,5:59 PM
Hoyt Stout,sem.ut.cursus@icloud.net,http://yahoo.com,Nunc Associates,1-738-724-6911,False,1BE1F3DC-5B6C-A822-1156-F799DE65B58B,9:40 PM
Adam Figueroa,praesent.eu@google.org,https://ebay.com,Semper Limited,(533) 811-3565,True,F74C8C2E-7C0A-D558-C5D2-AA0B01B5CCD1,12:38 AM
Roth Johnston,nascetur.ridiculus.mus@icloud.ca,http://ebay.com,Neque Nullam Foundation,1-726-870-1366,True,72A71355-43D6-AACF-BBDE-A1B496A7627C,9:22 AM
Thane Carr,condimentum@outlook.ca,http://pinterest.com,Felis Orci Adipiscing Corporation,1-337-151-7342,True,67D32B15-4B4B-8D5F-A365-E68ABCD47B97,1:21 PM
Upton Emerson,arcu.sed@google.ca,https://facebook.com,Donec Felis Company,1-181-520-8690,True,C66B60ED-7597-1B9B-DA62-E154256CE325,1:50 AM
Leilani Dillard,semper.rutrum@google.couk,http://baidu.com,Vestibulum Massa Rutrum Limited,(941) 365-3584,True,B14AACBD-CAA7-877E-2C73-39B218B35432,10:49 AM
Lev Johnson,ut@hotmail.edu,https://instagram.com,Porttitor Scelerisque Neque PC,(248) 736-7815,True,9359D81C-31EB-2947-CB34-E5344DC6A68C,5:44 PM
Lilah Nelson,elit@yahoo.org,http://ebay.com,Egestas Corp.,1-573-253-7788,False,97B90518-D11E-A454-E8B5-4CD65DB6CC75,5:29 PM
Emerson Hines,sapien.gravida@icloud.net,http://pinterest.com,Id Mollis Associates,1-929-285-3456,True,A8F145CD-B703-1894-3352-80C8D9C33F77,8:00 AM
Caldwell Craft,ultrices.sit.amet@google.org,http://naver.com,Tincidunt Orci LLC,(678) 646-9060,False,391622C9-A2E1-BC1D-A713-6A69067116B3,6:17 AM
Alana Rojas,est@google.net,http://pinterest.com,Et Rutrum Eu Ltd,1-538-362-3256,False,124839CE-5A7C-D6CC-6D7D-127733B13612,8:21 PM
Keane Gallagher,aliquam.fringilla@google.edu,http://naver.com,Justo Faucibus PC,1-684-541-3324,False,2D314878-6D18-D648-3E77-321A46ED1CB7,1:01 AM
Walter Rogers,nec.mauris@google.org,https://walmart.com,Donec Dignissim Associates,(449) 358-1612,True,3CC6D2C9-B59A-1171-74BA-A227A7CFB08B,8:00 PM
Eleanor Richard,lacus.vestibulum.lorem@icloud.net,http://whatsapp.com,Accumsan Neque LLC,1-221-765-6859,True,6D060E63-85DC-A69D-A863-39A0D13110F6,5:46 PM
Malcolm Strickland,elit@protonmail.ca,http://naver.com,Cum Sociis PC,(463) 580-7844,True,282B59E7-B46E-CA9B-C8CD-7EEBD43A8F6A,2:45 PM
Leilani Caldwell,eleifend@aol.edu,http://youtube.com,Fusce Fermentum Foundation,1-465-267-8271,True,4C7C50A8-AE16-A3E8-859C-83A6326323D2,9:31 PM
Harlan Hernandez,eu.erat@aol.edu,https://whatsapp.com,Aliquet Lobortis Corporation,1-913-440-2765,False,1E24A8A5-AAE7-473E-F342-A9AD183EE93B,7:32 AM
Valentine Reilly,varius.et@aol.edu,http://twitter.com,Sed Nec LLC,(844) 652-0666,False,859B84C6-7EC2-387D-1FA6-BCCF63A8E4E1,8:53 AM
Ira Frye,mollis.duis.sit@outlook.edu,http://zoom.us,Tincidunt Neque Consulting,1-562-770-7617,True,1E1D369A-5580-2C0B-8FB3-9DAB5AD2E879,10:52 PM
Xavier Sutton,arcu.vestibulum.ante@outlook.couk,https://ebay.com,Ullamcorper PC,1-631-366-9488,True,35D2C3E1-4DAA-86F0-4A61-928D31BDA9E5,5:31 AM
Nehru Ortiz,iaculis@aol.ca,https://twitter.com,Sodales Nisi Magna Inc.,1-921-525-3623,True,6CCBD112-4287-36CC-E0C2-9BC95B68A849,8:52 AM
Isaac Everett,ornare.elit@yahoo.couk,https://netflix.com,Malesuada Augue LLC,1-724-389-8368,True,43E4A963-9ABA-3424-60F2-A62714F36E83,1:51 PM
Wang Burch,imperdiet.ornare@google.org,https://twitter.com,Tempor Est Foundation,(818) 360-4346,False,DA185E45-6581-3B21-D22B-CA4495AC7EB5,5:13 AM
Upton Levy,molestie.in@aol.com,https://yahoo.com,Neque Nullam Ut Industries,1-672-342-2352,False,47BC1424-2E1F-EAA5-2FA1-C53CC092C84F,3:26 AM
Tobias Richardson,mollis.vitae@google.edu,https://twitter.com,Congue In Scelerisque PC,1-443-261-1147,False,4C1B1AC7-BFD1-E57D-A494-44B46C7B65AB,11:08 PM
Wynne Norman,ut@outlook.net,https://pinterest.com,Sit Amet Incorporated,(471) 765-7964,False,7FC5E1A7-CE12-DEAB-2232-688DA6AA755F,8:51 AM
Patricia Alford,tellus@protonmail.couk,http://twitter.com,Diam Sed Incorporated,1-226-721-6202,False,B2E66F68-9E7D-ED29-15B6-3426CAE6C740,5:20 AM
Blossom Carney,libero.est.congue@google.org,https://bbc.co.uk,Nec Urna Corp.,(571) 474-4776,False,622A4F8B-A967-6A5D-8CD8-432CA0E4EFCD,9:02 AM
Cleo Higgins,a.dui@aol.edu,http://guardian.co.uk,Penatibus Et Foundation,(788) 926-5785,True,9B135A13-57E2-1D4E-9210-C11BC4B8571C,11:08 AM
Chester Bryan,magnis@aol.ca,https://youtube.com,Amet Orci Consulting,(616) 974-4614,False,B18C846E-B8DB-374E-1AE3-BD6C43AEEEF6,2:16 AM
Jin Sweeney,ligula.eu@hotmail.org,http://walmart.com,Proin Eget Odio Associates,(661) 582-9274,False,CBD51C51-3FBE-980B-71D3-1AE98667AA98,6:20 PM
Wylie Ray,sed.dolor.fusce@icloud.com,https://google.com,Enim Nisl LLP,1-816-570-4534,False,36B7DB0E-749E-A6D4-A8C8-088DC83B3637,10:22 AM
Desirae Mcneil,egestas@google.com,https://wikipedia.org,Auctor Nunc Ltd,1-564-551-7027,True,58495F6C-B6D0-E9F5-A989-357FBA28D245,9:41 PM
Colt Burt,tellus.non.magna@google.edu,https://facebook.com,Accumsan Sed Facilisis Industries,1-875-777-3752,False,02A618A7-67E2-AB64-4128-C15813223F8D,12:22 AM
Curran Merrill,eget.ipsum@icloud.ca,http://cnn.com,Ligula Elit LLC,(536) 702-4234,True,25182B97-C405-4A78-5417-427A6399331D,1:24 AM
Randall Fuentes,elit.elit@yahoo.com,http://cnn.com,Cum Sociis PC,1-454-249-4534,True,B973D3EA-F5C5-9634-BE89-227F5B38A307,7:50 AM
Kennedy Conway,nibh.donec@icloud.net,https://reddit.com,Morbi Tristique Senectus LLP,1-614-748-4213,True,9AC60898-BAE7-2ED1-1189-DCCE1A56AEBC,6:49 AM
Kerry Witt,velit.quisque.varius@yahoo.com,http://wikipedia.org,Metus Vitae Velit Institute,(379) 314-6368,False,73E8A919-CB9B-4339-EB5E-0E5FC9DAD3BE,6:44 AM
Micah Burks,nam.ac@icloud.ca,https://whatsapp.com,Maecenas Ornare Corporation,1-731-611-7519,False,3471076B-1914-4DA7-B7AA-5163893A2AC1,6:19 PM
Laura Schmidt,donec@hotmail.com,http://nytimes.com,Enim Curabitur LLC,1-545-403-9141,False,85B95842-F683-868C-D751-A518DEA4859B,12:35 PM
Ann Fry,duis.cursus@aol.ca,http://walmart.com,Eleifend Nunc PC,(860) 636-5434,True,E6E2F8A1-2962-5509-CC6B-7C9B976AFD43,11:49 PM
Isabelle Patel,enim.non.nisi@protonmail.couk,http://google.com,Nisl Incorporated,1-637-604-6531,True,DEB0DE2E-E3CC-5B21-21A4-F899878BA8C2,9:05 PM
Kuame Peck,dui@aol.ca,https://naver.com,Aliquet Diam Limited,1-738-444-3853,False,BF45CB9B-4A83-33B3-B398-126A33DA94AA,1:42 AM
Gavin Powers,mattis.velit@icloud.net,http://youtube.com,Curae Phasellus Industries,(822) 523-4491,False,36BB616C-8847-DC65-C0B4-357013441DBB,6:25 AM
Akeem Riggs,tristique@hotmail.ca,https://zoom.us,Mauris A Nunc Corporation,1-641-874-1947,False,505EBE83-F744-92BA-AC0A-D8B76E94C53E,11:44 PM
Rylee Dillon,hendrerit.neque@protonmail.edu,https://zoom.us,Id Nunc Interdum Institute,(374) 457-2682,True,C79473E1-457B-B16D-968E-8C883F8DA8A1,9:09 PM
Rosalyn Henson,ipsum.phasellus@hotmail.net,http://facebook.com,Suspendisse Aliquet Incorporated,1-453-925-8731,False,77537F51-CFBB-92AD-7CE2-0A2E13CEAE58,2:26 PM
Austin David,id.mollis@yahoo.edu,http://pinterest.com,Ornare Placerat Limited,1-968-806-8674,False,5581F3E2-F376-4E21-6555-C73BA3A32DDD,12:45 PM
Cailin Walter,lorem.donec.elementum@yahoo.couk,http://naver.com,Nunc Mauris Morbi PC,(799) 787-2086,True,94A35CA8-50FE-B366-2B45-1E957A9A326C,9:43 PM
Chaim Banks,id.ante.dictum@aol.org,http://ebay.com,Lobortis Corporation,1-172-377-3314,True,871E6547-0473-99D1-ED41-5A82C6831A6D,7:11 AM
Mercedes Becker,duis@outlook.com,http://ebay.com,Purus Gravida PC,1-382-566-3698,False,4E169AB5-6C8D-261F-BCB7-5170A3E49350,12:11 PM
Michelle Marks,luctus.lobortis@outlook.net,https://nytimes.com,Metus Vitae LLP,1-278-978-7135,True,D1CCD785-9846-520A-9CCB-595C94815099,4:54 PM
Cassidy Howell,vulputate.ullamcorper@aol.org,https://netflix.com,Eu Accumsan LLP,1-514-301-2127,True,154DCEED-67BB-7C75-7B27-EFB9E26DAB9B,9:01 PM
Sonia Stuart,justo@protonmail.net,http://naver.com,Eu Nibh Ltd,(642) 384-3876,False,B9C6D57D-6805-BECF-2A3A-DC309F5EBB7E,1:49 AM
Rafael Calderon,velit.cras@icloud.edu,https://yahoo.com,Lectus Nullam Associates,(865) 211-4317,True,41481A21-C7EC-8AC3-1CD4-952CF36A73C2,7:56 AM
Brent Frazier,convallis.ante.lectus@protonmail.ca,http://cnn.com,Pede LLP,1-256-315-4933,True,5026988E-ACD8-CC21-4DAD-EA17E21A9594,3:15 PM
Amanda Gibson,tincidunt.adipiscing@outlook.org,https://yahoo.com,Eros Nam Inc.,1-215-493-5226,False,E2B09833-FA21-ADC9-5C05-A1DB62DCB084,9:12 AM
Kasper Jennings,ornare@icloud.edu,http://nytimes.com,Luctus Aliquet Odio Industries,(947) 714-1525,False,C4CD2792-E1CB-A19D-9073-A62DB672B6C8,8:02 PM
Logan Hogan,non.cursus.non@outlook.org,https://nytimes.com,Donec Sollicitudin Adipiscing PC,(740) 546-8611,False,318D9BCC-3ED3-E69E-D15D-22A3A9397165,12:10 PM
Ross Mills,integer.mollis@google.org,https://naver.com,Donec Institute,(976) 145-4906,False,A8A08A2A-756E-1221-E915-83671E88C6A3,7:47 PM
Dennis Mercer,turpis@aol.couk,https://nytimes.com,Fermentum LLP,(853) 721-6861,True,6D8B884D-ADAE-D11C-B426-5FAA9BB1955A,6:57 AM
Evangeline Miranda,massa@google.couk,http://yahoo.com,Libero At Consulting,(415) 412-3983,False,2CA7E66E-B983-83B1-0BA4-4E2E286E1DD1,1:49 AM
Rigel Morse,odio.phasellus@hotmail.org,https://instagram.com,Elit Aliquam Foundation,1-852-341-3641,True,28042E73-4CC9-13C8-A158-90216AEA9932,4:49 PM
Hilda Bray,orci.phasellus.dapibus@yahoo.edu,https://ebay.com,Tellus Nunc Lectus LLC,(172) 461-3980,False,AE23C0D1-2345-B7A6-59B9-FA58766132A9,9:11 AM
Duncan Burke,mollis.nec.cursus@outlook.org,http://netflix.com,Sagittis Semper Foundation,1-712-232-5522,False,34C58915-E573-31C3-6952-E34B45951C2A,12:29 AM
Kasper Ramirez,nunc.ac@protonmail.edu,https://google.com,Nunc Id Inc.,(417) 545-9212,True,A607E37C-3E81-5192-6BA7-F16E3215E967,9:10 PM
Giselle Mercer,magna.lorem@icloud.com,https://baidu.com,Mollis Non Cursus Limited,1-227-334-7857,False,B3872FE3-E6F6-182A-D891-53CBF81B65A3,9:21 PM
Brooke Wagner,egestas@yahoo.couk,http://walmart.com,Consectetuer Euismod Institute,1-714-985-5521,False,77276EC5-E146-1BB4-D4BA-595BE97AE721,12:07 AM
Melissa Wolfe,phasellus.vitae.mauris@outlook.org,http://naver.com,Quis Tristique LLC,(383) 366-8886,False,4EB71BF6-9CF6-A6F4-7208-AEE169E44A9E,1:03 AM
Hall Chase,arcu.vestibulum@aol.edu,https://reddit.com,Tempus Foundation,(771) 475-6149,False,87E101B4-465A-DD23-A0C2-63F3D0429976,1:00 AM
Mariam Lewis,purus@google.ca,http://nytimes.com,Gravida Sagittis Associates,1-620-756-6048,True,148486A1-93EC-39A0-E17B-69D55AC4BC91,12:29 PM
Elton Gross,lectus.quis.massa@protonmail.couk,http://twitter.com,Aliquam Corp.,1-855-422-8768,True,4C1BE6E7-1779-3EAA-3586-F61973750BD1,6:58 PM
Ralph Hood,gravida@outlook.com,https://google.com,Et Pede Inc.,1-811-937-7984,True,7D9182EA-D836-96C2-1806-46B66BE26D7B,12:31 PM
Mariko Peterson,orci.lacus@google.edu,http://facebook.com,Curabitur Dictum Consulting,1-547-937-1216,False,A9B937BE-01E3-71CC-CEE5-E5E8F2A853E2,5:49 PM
Keaton Flynn,et.rutrum@outlook.couk,https://instagram.com,Integer Ltd,(418) 327-3675,False,2104BD8A-41D3-787B-D5B2-E69A268259A6,3:09 PM
Echo Barry,consequat.auctor@hotmail.com,https://youtube.com,Nunc Corporation,(252) 965-8071,True,9BEEC414-54BC-582A-43CC-C4632696D3C1,12:34 AM
Quamar Stephens,ornare@protonmail.ca,http://zoom.us,Cursus Nunc Corporation,(174) 469-6472,False,3DE93398-BD20-C552-A55C-717C32DC46F3,8:34 AM
Wylie Brewer,in.lobortis@hotmail.ca,https://instagram.com,Pulvinar Arcu Et Institute,(228) 427-3440,False,C4AA38CA-73F3-45D9-C82B-49275975E24A,3:56 AM
Hamilton O'donnell,phasellus@icloud.net,http://google.com,Sed Molestie Sed Inc.,1-307-334-3794,True,46A17B5D-8EBE-8889-4C44-307125815DA4,8:49 AM
Ruby Mcgee,fringilla.purus@aol.edu,https://naver.com,Facilisis PC,(823) 354-7906,False,D9467CA6-57A3-E8DD-81CE-11D77C82CF09,11:39 AM
Mason Smith,est.mollis@icloud.org,http://cnn.com,Cras Lorem Inc.,1-536-860-5067,False,3704F9DC-C517-D3DB-97C1-AA197572D736,5:32 AM
Angela Shaw,mi@yahoo.couk,https://facebook.com,Feugiat LLP,(463) 281-8843,True,3B43C248-4769-3191-5E2E-5DBF4A6C2C94,10:56 AM
Castor Reeves,malesuada.vel@aol.edu,http://bbc.co.uk,Ut Eros Associates,(624) 253-1692,True,9CC2DBCD-5414-5660-EFEC-678322E1FE87,2:00 AM
Dana Mann,pellentesque@yahoo.net,https://cnn.com,Mauris Vestibulum Corp.,1-433-614-2648,True,0FCB839B-2515-5BDC-0777-AA71C5B8A7F8,4:50 AM
Tasha Shannon,at@protonmail.ca,https://pinterest.com,Vehicula Pellentesque Tincidunt Associates,1-353-728-3515,False,D58978C9-7DDE-8640-143E-8A22BD077F18,1:40 AM
Kasimir Strickland,dictum.proin.eget@outlook.org,https://nytimes.com,Egestas A Scelerisque PC,1-649-276-3062,False,AD624793-EF75-4CD1-29DB-08DD24402A10,8:43 AM
Baxter Zamora,ultrices@outlook.couk,http://cnn.com,Netus Et Associates,(999) 643-1834,True,07746755-6FEA-BEC5-4CFE-2325A3E755DB,7:52 PM
Wanda Copeland,pede.nec.ante@hotmail.couk,https://youtube.com,Ut Odio Incorporated,(459) 558-1848,False,01A37589-862C-DFEC-1676-028227D31FCA,5:14 AM
Mannix Weeks,et@google.edu,http://bbc.co.uk,Ac Arcu Corp.,1-434-912-7463,True,D7B726A2-839B-79A5-5EB5-FE82BA07D01C,7:38 AM
Maia Solomon,ante.ipsum@hotmail.edu,http://facebook.com,Vel Nisl PC,1-882-405-2833,False,741A3995-8964-A83E-4450-68ADCC43D9DA,1:08 PM
Elton Hobbs,pede.ultrices@aol.com,https://zoom.us,Non Leo Corporation,(297) 314-6563,False,9F96AC05-573D-F329-42F5-42B276C4ADEF,10:14 AM
Kenneth Jordan,odio.sagittis@icloud.couk,http://yahoo.com,Nec Urna Corporation,1-485-431-1760,False,5989CE7C-F365-62F1-4CBE-9E4A3CD69B76,12:41 AM
Brendan Blackwell,enim@yahoo.couk,http://nytimes.com,Convallis Institute,1-137-383-5671,True,9C8669ED-EF05-C60D-A118-52D311143619,11:16 AM
Kirby Holman,eu.euismod@yahoo.couk,http://facebook.com,Magna Lorem Ipsum Industries,(911) 708-1308,True,449DD33B-E3A1-27F1-D24D-9B623E966987,7:40 AM
Christopher Mcknight,tempor.erat.neque@protonmail.com,http://guardian.co.uk,Feugiat Tellus Lorem Industries,(652) 598-8529,False,CCC1A59C-6237-A1BB-4E12-C20B288BC842,4:37 AM
Lucius Williamson,et.magnis@protonmail.com,http://ebay.com,Donec Luctus Aliquet Industries,1-168-675-3985,False,97BC1672-331D-EACC-3C54-2BB3B4192341,2:11 AM
Luke Bates,fermentum.convallis@yahoo.net,https://youtube.com,Pede Ultrices Inc.,1-259-757-6164,False,2ABC8A72-C95C-58AD-4A86-A37DBDBA5CC1,6:53 AM
Salvador Maxwell,luctus.sit@google.ca,https://yahoo.com,Nisl Maecenas Malesuada Associates,1-267-735-2979,True,8A92A7CD-6534-9064-498C-956CAD2E5244,6:40 AM
Kirsten Mckenzie,ipsum.cursus@hotmail.net,https://bbc.co.uk,Lectus Sit Amet Associates,(342) 615-4262,True,A1D97B77-D4F6-A147-626F-4308654AA3DC,5:59 PM
Kellie Rice,luctus.felis@google.com,http://reddit.com,Hendrerit Inc.,(244) 557-3077,True,9913FC5A-8C8E-E4A5-566C-4AB29F79C88D,11:34 PM
Octavius York,convallis.ante.lectus@icloud.org,https://whatsapp.com,Nunc Risus Varius Associates,(276) 214-2290,False,596BCA59-6D15-D642-8680-202758528003,11:39 PM
Peter Villarreal,nunc.sollicitudin@hotmail.edu,http://bbc.co.uk,Morbi Consulting,1-326-366-3785,False,D5C77B22-C3C4-B605-C778-93EBEB45C914,8:43 AM
Branden Mcdaniel,scelerisque.neque.nullam@protonmail.edu,https://yahoo.com,Dolor Elit Pellentesque Incorporated,1-588-821-5744,False,EEE6BEC6-9D45-734B-B606-44A6D45DECD3,5:20 AM
Gil Mcfadden,nunc@hotmail.edu,http://facebook.com,Libero Integer Company,1-812-437-6421,True,82BB656B-BC15-2C84-6B26-C5DEB6D75B2D,7:04 AM
Raphael Allen,curabitur.vel.lectus@icloud.couk,https://youtube.com,Donec Inc.,1-242-335-8672,False,946E36F3-5BFE-AC4A-4613-7AB597AB52D6,10:04 PM
Thane Velasquez,ultricies.ornare@protonmail.org,http://wikipedia.org,Venenatis Vel Foundation,1-864-994-3121,False,5146D60E-152A-C45B-7BE5-59738B9529BF,1:10 AM
Shoshana Stanton,iaculis.quis.pede@icloud.couk,http://youtube.com,Metus Urna Limited,1-443-598-4447,True,9B6121A4-8C9A-72E1-2875-E40A80C7EA6B,10:54 PM
Ryan Nash,sed.nec.metus@aol.com,http://youtube.com,Tincidunt Orci Institute,1-828-441-8377,True,A6D3C501-D83A-0C69-0CAC-8CB7F864AB5A,4:24 PM
Norman Strong,gravida@outlook.org,http://guardian.co.uk,Felis LLP,(843) 931-4771,False,2CBB13BE-9911-884D-E138-E0A34AE22024,3:59 AM
Britanni Hunt,cursus@aol.ca,https://yahoo.com,Vitae LLC,1-836-475-2515,True,37D2E2DA-6AC1-020B-935C-B8AC8A12A9B8,1:51 PM
Xena Marsh,cras.eget.nisi@aol.couk,http://cnn.com,Quisque Porttitor Consulting,(146) 885-7522,False,2400ED3D-5C0A-4D8D-C8B6-6A5217D8BA52,10:53 PM
Hiram Townsend,maecenas.malesuada@hotmail.edu,https://guardian.co.uk,Aliquam Industries,1-682-427-6121,True,90CA6E17-6112-5CF8-CD80-5E5E798BDC45,10:01 AM
Holly Mccall,rutrum.justo@google.edu,https://baidu.com,Lorem Semper Inc.,(659) 836-5144,True,D748F5BA-E329-0612-B634-28FD685DA4E3,8:15 PM
Rhona Gibson,malesuada.vel@outlook.couk,http://facebook.com,Faucibus Corp.,1-744-326-8727,True,986814AB-6A2B-615B-BC1A-6CCE44C54310,4:12 AM
Keane Munoz,proin.eget.odio@google.org,https://ebay.com,Est Mauris LLC,(134) 638-1654,False,98614C7E-E2B6-A740-CA56-7C5E944BC695,3:35 PM
Tamekah Becker,enim.etiam@icloud.com,http://reddit.com,Nec Luctus Ltd,1-954-765-7618,False,5332A61D-EBB8-D1A6-198A-98893588EC6C,2:56 AM
Aretha Chandler,mauris.eu.elit@google.net,http://pinterest.com,Quisque Nonummy Ipsum Inc.,1-376-329-1833,True,8D986B78-7470-4C4F-1849-0F5718D569B1,6:47 AM
Hayes Sherman,nisl.quisque@outlook.org,https://whatsapp.com,Libero Mauris Aliquam Associates,(488) 643-5132,True,3D95DE5D-EF33-7593-5DD7-36C74A51D8F1,9:06 PM
Katell Larsen,enim.condimentum@google.org,https://google.com,Vitae Sodales LLC,(483) 852-2091,True,5D4DA570-8DED-D580-17CE-5D722A598E59,2:07 PM
Jerome Lindsay,ligula@aol.ca,https://netflix.com,Tincidunt Inc.,(195) 276-4600,False,41EADA71-CC5F-5C81-3C1E-DCB976D660B6,6:27 AM
Edan Clay,gravida.mauris@outlook.com,https://nytimes.com,Urna Ut Tincidunt PC,1-826-543-1589,False,1C512FE7-6B46-AC19-9A51-A4CE9C4C9D42,10:03 PM
Honorato Flores,molestie.tellus@icloud.net,http://yahoo.com,Gravida Mauris Industries,1-391-869-1278,False,A3582B81-2461-DE85-5252-87C2EEFCD485,8:05 AM
Rigel Todd,netus.et@google.ca,http://twitter.com,Odio Vel Est Institute,(722) 664-5017,False,19C9A7DC-B955-CD11-295B-DAC3545D7CE5,5:01 PM
Meredith Jefferson,pede@aol.net,https://zoom.us,Mi Lorem Limited,1-557-264-9569,True,AC5CACAD-E5F9-E491-D256-6E6D8F8279E4,12:55 AM
Lana Montgomery,eu@hotmail.ca,https://walmart.com,Neque Tellus Corp.,(967) 245-2321,True,3DBADF1E-2111-9BA7-A06B-F1D7B85A01FD,9:52 PM
Anjolie Flowers,convallis.dolor@google.org,https://nytimes.com,Vel Arcu Curabitur LLC,1-363-827-1122,True,7B4D356E-39D7-5C8A-7273-2E31E82A2F19,5:01 PM
Octavius Pate,libero.proin@yahoo.couk,https://instagram.com,Proin Mi Ltd,1-755-535-5933,False,5FACD83D-9E8A-9895-B714-DA2C186491CE,3:00 AM
Adrian Cannon,enim.etiam.gravida@hotmail.com,https://baidu.com,Integer Consulting,(753) 738-1763,True,B0E09D54-DDC7-F556-4E87-80AC106B8AE6,6:38 PM
Shellie Salinas,nam.tempor@google.edu,http://guardian.co.uk,Nec Incorporated,(332) 928-8844,True,12D68826-8637-A425-7756-E1E04B335454,10:54 PM
Fuller Sparks,nec.urna.et@outlook.com,https://bbc.co.uk,Mauris Rhoncus Industries,1-447-855-1546,False,739DE655-585A-9185-CBB5-EDDDE769DCAC,4:22 AM
Kaseem Chan,ultrices.posuere@protonmail.org,http://bbc.co.uk,Nisl Elementum Purus Consulting,(250) 867-7162,True,6BD53A65-32C4-71DC-1790-AA4F270EA956,1:08 AM
Mufutau Conway,sed@icloud.com,https://youtube.com,Eu Corp.,(410) 537-6416,False,A6BFE9DD-9264-3163-2FB6-526578E82693,11:22 PM
Abdul Pittman,quam.curabitur.vel@aol.couk,https://netflix.com,Urna Justo Inc.,(910) 579-1644,True,AE766A1A-DA01-EE1E-30B8-E150A37899A4,4:47 AM
Akeem Campbell,amet.orci@protonmail.com,https://naver.com,Mi Fringilla Incorporated,(536) 315-5624,True,3EEB5034-CA99-439F-9F40-EBB9A43764D3,3:09 AM
Carissa Bentley,vestibulum.nec@icloud.edu,http://youtube.com,Accumsan Neque Ltd,1-742-248-1576,False,9BDFAD6D-017B-EAB6-71AB-D0416A835817,9:43 AM
Iliana Park,justo.sit@hotmail.ca,https://baidu.com,Elit Ltd,1-239-648-9729,False,431BF208-EE3D-7857-D22F-857D98687739,4:44 AM
Finn Maddox,tempor@aol.edu,http://nytimes.com,Lacinia Orci Limited,1-254-625-4532,False,83ACEDDA-286C-8A4C-1D0D-A39C239FAD19,10:17 PM
Vaughan Herman,montes.nascetur@protonmail.couk,https://reddit.com,Felis Ullamcorper Foundation,(747) 454-3551,False,682F97AD-75E5-3ACF-8A6B-3531973D4C96,11:06 PM
Oleg Soto,nascetur.ridiculus@outlook.couk,http://pinterest.com,Ipsum Incorporated,(686) 580-1556,True,397A1C99-6DB8-636F-F444-6DC19EA91A0E,9:24 AM
Anthony Battle,sit.amet@outlook.edu,http://cnn.com,Ultrices Iaculis Ltd,1-720-864-3788,False,981A7623-14B5-BC1C-B2C6-203193CEB927,6:06 AM
Zephania Murphy,curabitur@yahoo.couk,http://guardian.co.uk,Donec Non Ltd,1-449-874-6472,True,D6A17588-17FE-3228-2EC1-73EAE371A86B,8:03 PM
Sade Schultz,faucibus.morbi@icloud.org,https://facebook.com,Nulla Cras Eu PC,1-439-113-9881,True,5443C46E-540B-198B-0B10-ECACEFEECA57,1:06 AM
Charles Fuller,in.hendrerit@yahoo.org,http://cnn.com,Dapibus Ligula LLC,(612) 555-0570,False,D4646010-E194-B5CD-FAA0-7278A66BCB64,4:37 AM
Ursula Rhodes,ac.eleifend.vitae@yahoo.net,https://twitter.com,Per Inceptos Inc.,(857) 309-7068,True,BA7344DA-3B4E-BA48-292C-3439F7C1A2E2,7:41 PM
Angela Alston,interdum.enim.non@icloud.couk,http://youtube.com,Justo Proin LLC,(160) 766-1322,False,5864C831-1980-36EB-E4D2-5D11415248BD,6:28 AM
Howard Scott,consequat.lectus@aol.edu,https://nytimes.com,Aliquam Arcu Aliquam Institute,1-677-448-2385,False,7075866C-3887-620E-C7E7-E9954C7D6038,8:09 PM
Montana Combs,praesent@icloud.couk,http://walmart.com,In Ornare Corporation,(515) 283-5247,True,EE99A8A8-037A-9026-C9C8-755928206208,9:56 AM
Samuel Mayer,vulputate.posuere.vulputate@icloud.couk,https://naver.com,Sapien Cursus Inc.,1-987-246-6714,True,1EEE5398-3BC3-793C-B59A-471628D3EB70,10:50 AM
Dominique Brewer,nisi@google.ca,https://cnn.com,Integer PC,(474) 213-4118,True,5268503A-955E-C265-6CDE-2267A23B3C73,12:43 PM
Wayne Carter,elementum@protonmail.ca,http://yahoo.com,Id Mollis PC,(369) 611-5454,True,326C93E7-84D7-A3C6-9825-3C75C6DCB522,5:23 AM
Britanni Vega,fusce.dolor@google.org,https://naver.com,Lacus Varius Et Consulting,1-624-484-4153,False,959049EA-DDEA-0ECF-BF64-201EA1E20D45,9:35 PM
Bianca Chan,parturient.montes.nascetur@aol.com,https://youtube.com,Sed Et Inc.,1-763-604-8143,True,AF1B248C-96BD-CB08-B640-9351E4263B1A,3:30 AM
Dale George,nisi.nibh@outlook.com,https://netflix.com,Ultrices Posuere Corporation,1-658-937-4854,False,C9EA9634-87C3-91C8-8B7D-29BB7539A562,1:09 PM
Rahim Everett,accumsan.interdum@yahoo.couk,https://guardian.co.uk,Nunc Limited,1-348-561-5483,True,73D9CE6B-2D74-9DBF-FB06-E608B0482ED9,12:53 AM
Griffin Guzman,nascetur@icloud.com,http://yahoo.com,Erat Volutpat Nulla Company,(677) 754-1211,False,A1BF63C9-8803-645D-3C7E-6B81DBE6C926,1:12 AM
Theodore Chambers,ipsum.cursus.vestibulum@outlook.ca,https://wikipedia.org,Mauris Sapien Cursus PC,(714) 470-5160,True,ADA508E1-86DC-AAC1-7173-BF5B813AD0E8,9:27 PM
Blossom Kent,nullam.vitae.diam@yahoo.org,https://instagram.com,Sit Company,(858) 675-8435,True,962A2DB1-AE89-9C65-8A45-04A413563328,11:13 AM
Peter Stuart,integer.id@outlook.edu,https://baidu.com,Eget Metus Foundation,(510) 400-0112,False,B3E5D17C-4172-232E-ED95-C8C0449427D1,4:26 PM
Pandora Chan,semper@google.edu,https://pinterest.com,Duis Institute,(784) 416-1278,True,69092D63-5811-5FFB-9C10-28DB9B8FB495,4:46 PM
Zorita Trevino,pharetra.quisque@protonmail.com,https://naver.com,Arcu Sed PC,1-456-367-2348,True,3CAD2954-D97C-9989-B621-D44A3F124E8C,1:36 PM
Len Webster,pretium.et@outlook.edu,https://netflix.com,Sagittis Semper Associates,1-762-511-6445,True,6EB995DD-3620-37E5-62A0-8DD7BA5C4CEE,3:26 PM
Len Allison,donec.fringilla@aol.org,http://google.com,Odio PC,(544) 500-4576,False,228CA363-D320-4618-DF85-A487BD1CEBF4,12:26 AM
Colorado Griffith,sapien.aenean@outlook.edu,https://nytimes.com,Lacus Etiam Consulting,1-837-426-4137,True,1AE81E6F-C156-EC7B-B048-1714EE966955,12:42 PM
Justine Middleton,pulvinar.arcu.et@hotmail.net,http://twitter.com,Lacinia Institute,(459) 254-9134,True,CC68DC31-6998-50F8-9539-9A8FB1455E12,5:11 PM
Moses Yates,nam@aol.org,https://netflix.com,Rutrum Non Associates,1-552-403-0048,True,E99E43B7-3602-9B6B-9ECF-BDE9E8BC9D31,9:16 AM
Christian English,sed.pede.cum@hotmail.ca,http://facebook.com,Etiam Industries,(507) 822-4654,True,35155996-192C-2FD2-987A-D7975E11C7ED,9:31 PM
Gray Jenkins,lacus@hotmail.com,http://facebook.com,Vel Faucibus Id Inc.,(266) 438-5672,True,A75439AC-4D28-5142-F33A-75FCC1244D49,7:57 PM
Chester Reese,dolor.sit@yahoo.ca,http://cnn.com,Ultrices Posuere Cubilia Inc.,1-667-212-2341,False,8E9EA91B-94F1-9697-E841-08E268E4A994,6:30 AM
Malik Vincent,dui@outlook.couk,https://guardian.co.uk,Egestas A LLP,(423) 442-8936,True,B51AED87-BA2D-85AB-AC73-9EDE3FED524E,5:46 AM
Mariam Mckee,mollis.duis.sit@icloud.couk,https://reddit.com,Nisl Nulla Institute,1-636-453-5326,True,BB90F35C-5A38-FE8D-C98B-01C4140A2719,4:48 PM
Noah Wynn,luctus.ut@aol.org,https://facebook.com,Augue Industries,(832) 354-8704,False,EA64A3AA-4A68-B65D-C9AC-541F39296C51,3:14 PM
Hamish Adkins,turpis@outlook.ca,http://walmart.com,Dictum Eleifend PC,(840) 555-2525,False,FAFC4996-6216-ECE3-B65C-A53C55188A31,3:47 PM
Echo Vang,vitae.erat.vel@google.net,https://whatsapp.com,Eu Placerat Eget LLP,1-541-743-0576,True,BC15CA18-127D-6692-0094-1DA6258ED497,5:38 AM
Reece Kidd,tellus@aol.org,http://netflix.com,Justo Nec Institute,(368) 336-9557,False,672628AC-DFFF-F430-D4CF-C37F13CFC5F3,3:47 PM
Patricia Mason,dictum.sapien@hotmail.ca,http://pinterest.com,Mollis Dui In Inc.,(824) 701-1236,False,1BE9125E-8478-13F5-A8A8-4950FBB8A4DD,12:15 PM
Derek Duffy,tristique@google.com,https://guardian.co.uk,Arcu Iaculis PC,1-117-331-5657,True,EAB6E0AB-B17D-7111-4381-1E65B16AE889,10:23 AM
Cade Mcintyre,in.faucibus.orci@aol.com,http://walmart.com,Feugiat Inc.,(324) 373-7484,False,E8929223-845D-853A-C8FF-6C126BC83378,10:36 PM
Joelle Cummings,vehicula@google.edu,https://wikipedia.org,Mauris Morbi LLC,1-973-587-2506,False,B1FF4953-8110-B61C-5364-D6FC3577748A,2:42 AM
Karyn Mcgee,magna.nec.quam@google.edu,http://twitter.com,Leo In LLC,1-527-674-5722,True,3E60DB55-8963-01E7-1116-919B27B5643A,9:27 AM
Dawn May,semper@yahoo.ca,https://netflix.com,Nec Imperdiet Nec Institute,(865) 384-5356,False,8B3D5D56-FC46-21E9-8994-4B60F58D5B62,9:51 PM
Evangeline Salinas,et.ultrices.posuere@aol.com,http://pinterest.com,Sem PC,1-618-173-7126,True,C0D3AE77-30E9-B5AB-34DE-DAC28E5270DA,11:30 AM
Asher Hinton,maecenas.iaculis.aliquet@yahoo.net,https://zoom.us,Nunc Sed Orci Limited,(476) 436-4996,True,59478FAC-ED65-864A-6ADA-229C5ED5F2E2,4:07 PM
Timothy James,gravida.praesent.eu@google.org,https://wikipedia.org,Mollis Integer Associates,(777) 183-0618,True,B4AC1258-D15D-68EA-C7C0-2B388656093D,1:30 AM
Boris Frost,tempus@icloud.ca,http://instagram.com,Cursus Institute,1-767-531-8075,False,C65F154A-1B39-0A91-F63A-CE200BE88DBB,4:25 PM
Nicholas Madden,orci.tincidunt@yahoo.net,https://pinterest.com,Aliquet Diam Industries,1-550-467-3632,True,3125D8D1-A7A7-718D-CB0B-1116F2BEAE2C,4:00 AM
Clementine Bowers,ullamcorper.eu.euismod@google.edu,http://naver.com,Mauris Aliquam Ltd,1-196-531-6378,False,3F521CDA-366A-7594-98AC-F9A9CA20EB60,1:37 PM
Alec Rosa,a.tortor@yahoo.ca,https://ebay.com,Dolor Quam Ltd,(488) 359-9676,True,A892CDDF-5DE5-7947-482E-B8DE788DC7AA,1:16 AM
Plato Stephenson,elit@icloud.ca,http://google.com,Consectetuer Ipsum Nunc LLC,1-277-652-1538,False,EA6132F5-6559-BE1A-85E9-FF8498FB1BC1,2:21 PM
Sacha Pace,feugiat.nec.diam@google.net,https://google.com,Mauris Ut Corporation,(687) 155-3312,False,D1F752CD-8273-8F6B-DAB9-FF295ED89EB3,3:40 PM
Erica Shepard,tempus.eu@aol.ca,https://bbc.co.uk,Vulputate Risus Inc.,1-395-346-3316,False,D4E437C6-43C2-A2E8-9750-15BA3ED4DE1A,6:07 AM
Hilda Navarro,risus.duis@aol.org,https://cnn.com,Feugiat Metus Foundation,1-735-331-2238,False,825FB084-2127-2150-6EC6-DF16D3ED0AEB,3:47 PM
Tiger Buckner,suspendisse.sagittis.nullam@aol.com,https://wikipedia.org,Nec Mollis Foundation,1-732-875-8248,True,48E20837-725D-FD93-D145-25576EAA61F4,7:16 PM
Zachary Hall,vehicula@google.edu,http://baidu.com,Sagittis Nullam Vitae Associates,(305) 388-4652,True,71AC8B6D-2A28-6B31-0DF3-D75D6E8227EB,1:59 PM
Savannah Fisher,nibh.phasellus@aol.org,http://guardian.co.uk,Aenean Eget Limited,1-781-125-8184,True,A129D92E-1DE7-B2E7-69BF-7C06735F318D,7:58 PM
Juliet Cameron,et.ultrices@outlook.net,https://instagram.com,Ut Nisi A Foundation,1-165-246-8038,True,C7CE77E1-83D7-DA77-BAA2-8BCD0230822C,12:08 AM
Hollee Lyons,natoque.penatibus@hotmail.net,https://whatsapp.com,Accumsan LLP,(727) 571-7817,False,A1A72B7E-2966-33E7-B5DE-AB666A1D534C,11:40 AM
Patrick Williams,eu.sem@google.couk,http://wikipedia.org,Cras Lorem Corporation,(578) 746-3812,False,C211BA7D-4211-9471-B7B8-3B169D99C7C8,4:57 AM
Roth O'connor,nunc.id.enim@google.ca,https://twitter.com,Lobortis Tellus Justo PC,(808) 375-5713,True,CB9BC1B1-A32B-8ACC-D713-63F267211641,12:26 AM
Hasad Berger,aenean.egestas@hotmail.com,https://pinterest.com,Blandit At Consulting,1-533-812-4287,False,926371E9-1DAA-363E-D757-93F895406DBF,1:51 AM
Faith Garrison,eget.metus@google.edu,https://walmart.com,Dignissim Magna Corp.,(743) 568-4774,False,43AACCC0-798D-8C1E-61E8-CAC5F642E037,3:07 PM
Brenden Ramsey,nunc.lectus@google.net,http://nytimes.com,Facilisis Suspendisse Commodo Industries,(484) 789-1059,True,568CD3B8-6989-8186-731A-CCED30B45B34,10:48 AM
Magee Owen,tristique.ac@protonmail.couk,https://youtube.com,Faucibus Ut Nulla Limited,1-628-657-3284,False,414E4BF7-ED59-2E58-F3F7-83E7261E4271,11:51 AM
Maris Hyde,elit.sed.consequat@outlook.edu,https://netflix.com,Aliquet Nec Ltd,1-974-838-5882,False,6A53F673-B3AB-CA3A-76AC-76A82BD82FFA,9:41 PM
Stone Dickerson,nec.diam.duis@aol.net,http://twitter.com,Scelerisque Scelerisque Institute,(271) 660-7412,False,44CAAD25-69DE-CB97-DCE6-C4160C3BFB45,10:46 AM
Wallace Dudley,eu.placerat@outlook.edu,https://instagram.com,Venenatis Lacus PC,(213) 756-1572,True,B2B1BE19-66ED-9D03-8FEB-ADE65F215390,4:49 PM
Stephanie Mckay,nunc@aol.com,http://walmart.com,Nascetur Ridiculus Company,(746) 768-6947,False,26CE856C-9035-2EAF-F30C-295AB462D075,8:49 PM
Talon Rosales,feugiat.lorem@aol.edu,http://facebook.com,Augue Porttitor Corp.,(148) 623-0658,True,EA91AF8F-64EC-F438-75A1-5E77683507FE,11:04 PM
Preston Newton,eu@yahoo.ca,https://ebay.com,Ut Molestie Foundation,1-385-875-4787,False,558C62A0-1924-6743-9D7D-B22B9DBD83C9,11:14 AM
Keiko Frost,vitae@hotmail.com,https://wikipedia.org,Curabitur Sed Tortor Inc.,(151) 177-8082,False,9943BC39-C8E4-DA59-9264-0EB839556D48,10:34 AM
Jemima Mullins,sed@yahoo.edu,http://yahoo.com,Vehicula Aliquet Ltd,1-888-530-1886,False,79903537-CD74-A7EB-0C4B-595D7DD95426,10:15 AM
Orson Vazquez,lectus.a@outlook.edu,https://pinterest.com,Est Corporation,(756) 924-5426,True,A4ED40B4-B386-9A89-B7D2-62C75A49524C,11:58 AM
Travis Acevedo,tincidunt.adipiscing@hotmail.org,https://instagram.com,Magna Malesuada Corp.,(447) 818-7591,True,97AA12EA-8253-D50A-9B35-134CE82EAE34,2:52 PM
Gabriel Webb,egestas.lacinia@outlook.net,https://netflix.com,Tempor Bibendum Associates,(824) 480-7120,False,582BA0C6-BCD8-B203-5A92-695055212B54,3:12 AM
Noelani Lloyd,at@yahoo.com,https://naver.com,Dignissim Consulting,1-583-476-7531,True,E2512AB4-AB65-3C4E-CD88-E83D3AF0C680,4:28 PM
Jessamine Adams,odio.phasellus.at@outlook.ca,http://instagram.com,Scelerisque Mollis PC,1-853-440-4644,False,ABECECD6-1D6A-4C26-CE37-C6152D47D42B,3:18 PM
Aileen Stout,a.aliquet.vel@outlook.couk,https://whatsapp.com,Est Ac PC,(279) 876-3246,True,BEE3CEEF-12DB-7302-3A71-E0B8AD7A736A,8:37 AM
Oliver Trujillo,nunc.commodo@outlook.ca,https://baidu.com,Urna Et Limited,1-463-226-9854,False,587EDD7B-6AB8-77C0-791E-F43982668D64,2:02 AM
Mufutau Terry,pede.blandit.congue@yahoo.com,http://ebay.com,Donec Sollicitudin Associates,(698) 722-1995,True,B3122493-C293-7833-3C39-07CAEEC4463D,4:43 PM
Dylan Salas,malesuada.augue@icloud.ca,https://pinterest.com,Tincidunt Neque Vitae Industries,1-458-277-2723,False,9AAD0BE4-D8F2-EE9A-3073-FD67CDBB4E2E,7:04 AM
Kasimir Hart,iaculis.odio@outlook.edu,http://nytimes.com,Justo Proin PC,(108) 362-4760,True,B51F457D-F316-91F7-96DA-55C22B71692F,11:37 AM
Alana Hubbard,tellus.non@icloud.edu,https://whatsapp.com,Et Lacinia Foundation,1-433-923-2577,True,1702CBF0-A896-78DC-2D17-C8B2CF913156,10:18 AM
Reagan Yates,vulputate.lacus.cras@hotmail.net,http://ebay.com,Dis Parturient Incorporated,1-428-823-9457,False,EBD3061D-A887-0835-579C-D7A1D13AD2CA,12:37 AM
Dustin Barton,adipiscing.mauris@outlook.org,https://cnn.com,Lorem Vehicula Et Industries,(172) 865-9463,True,E489C263-5522-6701-9A9B-3CA6CA47C495,2:06 AM
Rhona Valdez,tristique@google.net,http://yahoo.com,Id Sapien Incorporated,1-211-338-2442,True,21FC369D-A8B7-959B-1842-C8BD92C4E6EC,1:55 PM
Grant Calhoun,nec.urna.et@yahoo.ca,http://guardian.co.uk,Orci Lobortis Augue LLP,(789) 480-5837,False,EC558725-CD52-D9EC-5294-68EE3A6FDE94,11:24 PM
Reed Grimes,eget.magna@google.couk,https://naver.com,Augue Id Ante Corp.,1-362-706-2760,True,DC8245EB-AE3D-252B-CD1E-9631E449E718,7:27 AM
Bradley Keith,consectetuer.mauris@yahoo.couk,https://youtube.com,Nullam Industries,(337) 586-6607,True,958B9F78-E9EA-CEC7-5974-011066EB94D5,8:38 AM
Ferris Patel,nulla.tincidunt@aol.edu,http://guardian.co.uk,Fermentum Risus LLP,1-376-376-4121,True,DF41694A-4964-7179-7BA7-5B6965CBA828,10:40 PM
Timon Weiss,donec.est@protonmail.com,http://netflix.com,Neque Sed LLC,(861) 845-4325,False,B457A829-92EF-A55C-4797-938949A31686,9:59 PM
Selma Simpson,at.egestas@yahoo.org,https://wikipedia.org,Vulputate Eu Industries,1-324-227-8753,True,7F2664BD-2232-4B16-1795-E3DC882018DC,3:31 AM
Ella Roy,et.magnis.dis@aol.org,http://youtube.com,Phasellus Inc.,(421) 676-8818,True,58E787C4-E618-CCE3-8E34-B16D9895E72E,9:23 AM
Neville Mcintyre,enim@yahoo.com,https://pinterest.com,Turpis Egestas Corp.,(255) 479-4992,True,4DA70E55-1AD6-05C7-9154-3BFBEB9D697C,7:05 AM
Chester Fulton,facilisis.magna@icloud.edu,http://guardian.co.uk,Neque Pellentesque Massa Corporation,1-370-998-2341,True,134D3E5D-7636-2CE7-4C6E-CBC4A569C9D7,11:02 AM
Tana Sheppard,et@yahoo.org,http://naver.com,Augue Ut Lacus Corporation,1-370-312-7124,True,824C24D4-BD03-C40B-CC17-E8AEC34741BA,12:44 PM
Kai Mccullough,est.mauris@aol.org,https://nytimes.com,Ultrices Iaculis Ltd,(150) 947-4018,False,E98212D7-3E6A-F4E1-BB8C-2190762A4B9C,11:28 PM
Elvis Horton,neque@hotmail.com,http://pinterest.com,Tellus Aenean Ltd,(181) 849-8513,True,D52D546B-35C9-D729-DA2E-416181617963,11:44 AM
Yasir Britt,fermentum.metus@yahoo.com,http://guardian.co.uk,Dictum Cursus Nunc LLC,(462) 434-8155,True,A825EA79-840D-A16A-2179-42259C3167DE,9:46 AM
Paloma Cohen,eu.eleifend.nec@aol.couk,http://zoom.us,A Malesuada Industries,(354) 328-5165,False,53D813FA-234B-24EA-1999-F376A624ECD1,4:25 PM
Jessica Solomon,donec.consectetuer.mauris@icloud.org,http://nytimes.com,Sociosqu Ad Litora Inc.,(538) 742-3046,True,5DAA233F-0EE2-1BF2-B7D9-D38B336C7BBD,9:18 AM
Edward Miller,ac.ipsum.phasellus@protonmail.com,https://instagram.com,Eu LLP,1-577-475-8561,True,9A228C98-C39A-44D4-7E7E-34F65B6176DE,2:35 AM
Zia Hale,lorem.ipsum@icloud.org,http://naver.com,Porttitor Vulputate Posuere Corporation,1-738-765-7598,False,21107EE2-3423-7626-2B53-C6714233C7E6,11:42 AM
Phyllis Lang,lacus.aliquam@hotmail.ca,http://facebook.com,Commodo At Inc.,1-278-742-4132,True,C9D3FEAD-D689-2E2B-AF88-2CA3622C2AD9,4:14 AM
Harrison Burnett,molestie.in@google.com,http://facebook.com,Facilisis Facilisis Company,1-744-232-0259,False,D8B3CBEB-8A57-7E5E-E1AD-02EA4A0365D5,12:51 PM
Sybill Whitley,sem.vitae.aliquam@outlook.com,http://reddit.com,Luctus Lobortis Foundation,1-326-279-3612,True,D54409BA-CCB5-DBC9-2F4D-62DE9E61EAB2,5:54 PM
Kirestin Hancock,nullam.ut@google.couk,http://zoom.us,Mattis Ornare Corporation,(768) 817-5354,True,7FB3A5B3-6528-347C-6CE9-A5783155C69A,8:11 PM
Lunea Avila,vitae.dolor@outlook.couk,https://youtube.com,Sed Libero Industries,(422) 792-0084,True,684ED3C5-7111-1A70-01C8-B1BB233B2873,6:28 PM
Karleigh Melendez,amet@hotmail.com,http://twitter.com,Erat Vivamus Nisi LLP,1-749-401-1406,True,8B10D1B8-A8E2-8823-8F5E-DC165631A96B,11:15 AM
Simone Poole,laoreet.posuere.enim@google.ca,http://nytimes.com,Ipsum Sodales LLP,1-852-861-8972,True,A7C36318-6FAC-89BD-62D2-D1CDB5A817B7,3:57 AM
William Perez,sit.amet.dapibus@aol.couk,https://zoom.us,Vel Associates,(737) 813-5452,False,B33B9E38-DD68-AB75-C4ED-C128E466C1DF,5:33 AM
Gary Harper,ac.fermentum@outlook.couk,https://yahoo.com,Nascetur Ridiculus Incorporated,(241) 382-3697,False,1B0FEED7-788D-3DD0-7B5B-A64187AAE3A2,7:33 AM
Ursula Perry,ipsum.dolor@yahoo.com,https://yahoo.com,Adipiscing Elit Aliquam LLC,1-241-211-3845,True,6C406635-0F4A-399E-DC67-E877AACEA5A6,10:01 PM
Aquila Lara,in.magna@hotmail.edu,https://walmart.com,Eu Sem Pellentesque LLP,1-531-712-1768,False,186F53C7-6CB4-CD7E-582C-41B06C5A8395,2:50 AM
Murphy Austin,neque.morbi@outlook.couk,https://zoom.us,Dapibus Id Foundation,(782) 166-8510,True,BEFA280C-64D5-984A-6DDB-E364A11118DD,10:51 AM
Veda Benson,senectus@hotmail.org,http://netflix.com,Consequat Nec Mollis Foundation,1-258-471-1698,False,05661FE4-4262-7D09-7950-AD51FC3E4AB0,10:58 AM
Ryan Vargas,turpis@icloud.edu,http://wikipedia.org,Mi Ac Mattis Foundation,1-726-414-4740,False,631B0A10-D6BC-DC78-D216-B8B7B6F772ED,3:08 AM
Ayanna Cunningham,aenean.eget@icloud.edu,https://google.com,Netus Et Ltd,(385) 876-3231,False,B865A962-AA67-462E-72B2-8D01AECD7843,9:57 AM
Tad Randolph,tortor.at@outlook.com,http://nytimes.com,Ante Dictum Mi Institute,(234) 617-7957,False,D48194C2-D157-B2D7-1DD7-2B984BCAE85B,11:18 AM
Dane Mckee,mauris.vel@outlook.couk,https://ebay.com,Elementum Sem Associates,1-311-460-6873,True,E32AB809-ACFB-3AB3-C60A-6CC498ECF78F,6:50 PM
Kelsie Whitfield,auctor.vitae.aliquet@icloud.org,https://whatsapp.com,Curae Phasellus Ornare Foundation,1-585-894-6312,False,FBDA5AE1-D485-3B66-5441-D64F9782A21E,5:26 AM
Hedda Ryan,magna.ut@icloud.org,https://cnn.com,Ipsum Ac Mi Inc.,(311) 777-7028,False,CEEE83FD-7414-6682-E331-E756804AA25E,9:46 AM
Reed Noble,sed.consequat@hotmail.net,http://cnn.com,Fusce Aliquam Enim Institute,1-261-529-6555,False,EFE89873-F06E-81C3-8F64-618335E2E746,2:42 PM
Austin Green,nullam.velit@protonmail.net,https://guardian.co.uk,Suspendisse Commodo Industries,(753) 518-2626,True,6846BDA9-CDE9-3CE8-4358-47D23C470F62,10:56 AM
Geraldine Compton,dictum.augue.malesuada@aol.edu,http://wikipedia.org,Nulla Facilisi Sed PC,(925) 221-3320,False,65B5A38C-A567-8DE1-C69B-2CE441BA2FB3,11:29 PM
Olga Park,erat.eget@hotmail.net,http://naver.com,Integer PC,(531) 123-1381,True,8E2B97B9-C85E-BBFD-7507-9A1DA6BED423,8:53 PM
Rama Vincent,proin.non@aol.com,https://whatsapp.com,Iaculis Odio Company,(526) 785-2561,False,9C85738E-4AF8-331C-7325-EDED00A6EAD3,1:20 PM
Damian Thompson,nec.orci@icloud.org,http://naver.com,Et Pede Corporation,1-704-824-1763,False,FB933941-4BD6-E964-89A5-A4415D46E662,8:01 PM
Hope Olson,velit.sed@google.net,http://google.com,Magna Malesuada Ltd,(554) 663-5618,False,267E30B2-C191-7315-1EA3-2695ADCD2AB1,4:42 PM
Risa Mccormick,vestibulum.ante.ipsum@hotmail.edu,https://facebook.com,Justo Eu Corp.,(845) 786-2228,False,5D2BD543-1CA2-73A1-CAE2-E53428102389,10:18 PM
Dylan Santos,fusce@aol.net,https://google.com,Ligula Nullam Corporation,1-116-513-1332,False,D63C2BA3-A454-9992-93DB-B0FA9CD4E85C,8:38 PM
Lyle Shepherd,justo.praesent.luctus@aol.com,https://guardian.co.uk,Non Luctus LLP,(261) 941-0650,True,80D14E84-6B8A-4455-47B7-0AA2E79E1CE4,6:15 PM
Keane Ross,feugiat.non@yahoo.net,https://naver.com,Magna A LLP,(908) 387-6444,False,64C9C192-01A5-3E11-5286-DECC28B292DA,5:18 AM
Gannon Jacobson,duis.cursus.diam@icloud.org,https://yahoo.com,Mollis Limited,1-583-318-6551,True,63EC4527-A4D9-B7E3-A28C-818315575CC2,9:46 PM
Kyla Huber,tempor.lorem@yahoo.ca,https://instagram.com,Felis Adipiscing PC,1-413-739-0524,True,6BDC2EC7-A557-8B1D-63D0-31AEA87EC1D5,1:12 PM
Ryan Mcleod,nunc.lectus@hotmail.com,http://instagram.com,Nisi Sem Industries,1-123-947-2615,False,61A6566E-598B-9B5C-635B-98462C9A5491,11:37 PM
Keelie Carter,metus.facilisis@yahoo.couk,https://cnn.com,Lectus Quis Limited,(254) 332-4680,False,CDCE5A19-C9AA-D271-9868-DE73821B5BB7,1:43 AM
Allen Dotson,enim@google.com,https://walmart.com,Porttitor Interdum PC,(375) 566-6723,True,AD11832D-F93D-F3D5-2906-88221ED69E5D,10:09 AM
Cherokee Travis,consectetuer.adipiscing.elit@aol.net,http://youtube.com,Aliquam Adipiscing Company,(132) 634-1544,True,E062AEBE-B7DD-1191-1972-A5E640E3E97C,2:02 PM
George Mann,sem.eget.massa@google.ca,http://pinterest.com,Rutrum Inc.,(314) 238-7322,True,1F1F3CE7-9574-BC5B-4819-16975BD279B3,11:11 AM
Indigo Mccarty,blandit@yahoo.edu,https://nytimes.com,Vestibulum Limited,(776) 784-9901,False,CFD9635B-3119-EFCD-3396-18A9E5788485,1:10 AM
Ivana Harper,ante.dictum@hotmail.ca,http://baidu.com,Magna Ltd,(371) 912-8563,True,997A2C8A-5524-7092-AA93-1E999941B87D,4:20 AM
Wylie Melton,tellus.imperdiet.non@hotmail.ca,http://twitter.com,Dui Cum Sociis PC,1-621-767-0237,True,E245AC2C-F4D7-E97A-4C5C-BC561C433D2A,5:54 AM
Lars Mejia,et.ultrices.posuere@google.com,http://twitter.com,Ultricies Adipiscing Enim Corp.,1-759-462-4065,False,493111E2-54F6-CE34-4955-FD11DD7A1A4E,7:29 AM
Shaine Prince,in.faucibus.orci@google.couk,https://pinterest.com,Sollicitudin Corporation,(432) 378-3533,False,9E3FBED2-E414-244E-FBE4-1504860A85AB,12:56 AM
Francis Wells,habitant.morbi@protonmail.org,http://netflix.com,Tincidunt Corporation,(484) 260-3133,True,BF7F4F63-19D9-B3EA-B1E3-9BD76C20CD71,4:13 AM
Lillian Oneal,felis.eget.varius@protonmail.org,https://whatsapp.com,Eu Ultrices Limited,(717) 512-4227,False,5FB4F939-4990-6DD5-E43C-4444E9EAB980,1:12 AM
Riley Bruce,non.lobortis@hotmail.couk,https://twitter.com,Semper Inc.,(970) 594-4145,True,496A34AE-8452-6419-CE77-04C7EFD3D663,6:37 PM
Tashya Norman,placerat@google.net,https://yahoo.com,Nunc Laoreet Lectus LLP,1-454-357-7420,True,9647AB73-2F27-C4BE-6139-E86AB8A1BEEA,8:08 AM
Kerry Mejia,pellentesque.tellus.sem@hotmail.edu,https://reddit.com,Gravida Nunc Sed Industries,(745) 395-1418,True,06FBEE93-5438-DC44-57AE-8256B1B8E933,12:44 AM
Kyle Franco,velit.egestas@hotmail.com,http://yahoo.com,Sed Eget Limited,1-558-471-7976,True,B6B7E465-A4C5-E322-4D99-A1D5B86E7AE9,11:03 AM
Melvin Baldwin,laoreet.libero@aol.couk,https://google.com,Ligula Eu Ltd,1-101-796-4123,False,41443ABE-86EE-A1E6-64F2-AA1BE1B27299,2:44 AM
Briar Morin,nec.quam.curabitur@yahoo.ca,http://youtube.com,Integer LLP,(392) 868-1353,False,85E86A47-BB6C-D2D9-BBF5-97B2D8A057B8,10:36 AM
Shelly Preston,mauris.suspendisse@google.org,http://baidu.com,Nullam Enim PC,(337) 109-2882,True,2AE38C94-14E7-EA7D-C369-F021ADA9D521,6:21 PM
Aaron Prince,scelerisque.mollis@protonmail.net,http://cnn.com,Nonummy Ipsum Institute,1-761-722-4408,False,B3E969C1-59C3-38E1-46AE-5AF6C8D441AA,3:53 PM
Nadine Barnes,venenatis.lacus.etiam@outlook.com,https://guardian.co.uk,Quam Ltd,(559) 946-7235,False,45CE78B1-ECBA-8EEC-620E-314DC06A41C1,9:08 PM
Amity Gonzalez,aliquet.nec@hotmail.ca,http://netflix.com,Eu Ultrices Sit Associates,1-426-325-4852,False,CCA37E8D-ACEB-EFC8-615E-E113C7951C09,8:56 AM
Noelle Everett,semper.rutrum@protonmail.org,https://netflix.com,Donec Associates,(514) 212-8946,False,FF00489A-22EB-6BE7-0161-DEC4EE274E02,5:56 AM
Farrah Stuart,felis@outlook.ca,http://walmart.com,Ligula Consulting,(752) 857-7464,True,E63BB894-ACE7-B226-3EA7-67DA13EE739E,3:36 AM
Robert Hendricks,non.sapien@hotmail.ca,https://pinterest.com,Feugiat Metus LLC,1-562-316-2983,True,FAEE6372-E544-D470-09C1-14EBA23DF2D0,5:22 PM
Bryar Rosales,ac.facilisis@outlook.couk,https://zoom.us,Enim Etiam LLC,(190) 715-3013,True,E96AB85B-9C98-6185-717E-CB13933F5BAB,7:22 AM
Melyssa Haley,egestas.lacinia@outlook.edu,http://walmart.com,Mauris Company,(311) 631-6921,False,FF07411A-7826-4F25-8A78-F77E1B358D4C,8:57 PM
Cyrus Vaughn,nec.enim.nunc@yahoo.ca,http://youtube.com,Ipsum Suspendisse Non LLP,(972) 813-5778,True,98D69DC4-6161-6CDF-E8A1-D6215C3B1E74,6:56 PM
Xenos Ellis,ultricies@icloud.net,http://baidu.com,Eget Varius LLC,(553) 310-4135,False,D2423287-0522-0F64-7338-D16803D149E1,12:49 AM
Tad Mcgowan,tortor@aol.net,https://youtube.com,Urna Vivamus Industries,1-258-648-1036,True,5EACC5F3-96B5-8616-85A5-940644A07CA6,6:28 PM
Sopoline Washington,nec.ligula.consectetuer@yahoo.couk,https://baidu.com,At Arcu Vestibulum LLC,(765) 259-2526,True,01B5B189-4DFF-B83B-3F88-E9EE6AD45529,6:11 PM
Jordan Vaughn,in.tincidunt.congue@outlook.couk,http://guardian.co.uk,Sit Amet Industries,(245) 331-3735,True,AC394376-85BA-EB74-9658-6454B43E4802,10:39 PM
Luke Hughes,pellentesque@outlook.com,http://ebay.com,Sagittis Limited,1-396-753-2441,True,CA28EA9E-A6D4-9BE1-5604-E7D6330B2F89,2:54 PM
Cade Gallagher,luctus.vulputate.nisi@protonmail.net,https://google.com,Etiam Industries,1-181-983-2333,True,4254B2AC-9339-A6CD-2D84-44BE1DAB9BD8,3:37 AM
Stacy Craig,suspendisse.ac.metus@icloud.org,http://wikipedia.org,Eros Nec Inc.,(559) 382-3533,True,B95851E6-EEA6-BB22-665B-EA3C951C8AF0,2:20 AM
Buffy Guerra,lorem.ipsum@outlook.edu,https://google.com,Quisque Ltd,(584) 512-2432,True,DF0CC3ED-EB4D-AE6B-3D92-B4ABAE455711,2:40 PM
Elliott Reeves,nec.tempus@protonmail.org,http://baidu.com,Luctus Vulputate Industries,1-527-412-3807,True,9797AED6-2678-F6B6-469B-1C482A0BEC92,2:58 PM
Rahim Munoz,at.pretium.aliquet@google.couk,https://netflix.com,Cursus Integer LLC,(827) 527-1351,True,9D6B5E4B-51DF-5B24-0A65-56CD5B724692,8:34 PM
Kelsey Mcintyre,mauris.blandit.mattis@yahoo.org,http://reddit.com,Fusce Mollis Duis Incorporated,(885) 263-2641,False,554B97D6-F59A-BCC7-19EA-6C3EDECDA49B,10:18 PM
Kenneth Britt,auctor.ullamcorper.nisl@yahoo.edu,https://yahoo.com,Nibh Enim Institute,1-786-457-7877,False,E32D9DC3-66B5-E4EC-DBEC-3E3CA5087D95,4:01 PM
Kitra Jackson,tincidunt.congue.turpis@aol.edu,https://wikipedia.org,Aliquam Nisl Consulting,1-768-738-0453,False,ED196F6D-97C5-BCAB-B98D-D6CA834ED47A,5:17 PM
Erica Kelley,ut@yahoo.com,https://walmart.com,Nisi A LLP,(991) 811-2873,True,C8835D13-5601-71E7-D5BA-5E2FC243ADD4,4:34 PM
Delilah Walker,in@aol.couk,http://ebay.com,In Consequat Enim Industries,(496) 611-8247,True,5829A380-1753-A3CA-8427-DE18271D2657,1:02 PM
Chelsea Hunter,egestas.a.dui@protonmail.net,https://youtube.com,Est Mauris Incorporated,1-361-817-3795,True,69066D78-E630-E0DD-01A9-6FD420C813B4,4:49 PM
Keely Mckay,penatibus.et.magnis@google.net,http://google.com,Molestie Tellus Inc.,(219) 217-6429,True,A8BA8A2B-FE96-9237-BFA1-1BC4455965EB,6:06 AM
Kato Hanson,primis.in@google.couk,http://zoom.us,Netus Et Ltd,(214) 438-0262,False,19D16CBC-EC86-9146-35D3-DFA8DC594731,7:16 AM
Brian Roman,pede.praesent@aol.couk,https://pinterest.com,Ac Mi Limited,1-277-512-3216,True,6A837C67-4CF3-814C-3E8A-81063CC84B6C,2:32 AM
Teagan Brennan,sem.semper@hotmail.org,http://twitter.com,Pellentesque LLC,(720) 263-4412,True,398B7CAD-1E67-B674-B6B1-3658A9E224D9,4:24 AM
Carla Dean,diam@google.edu,https://wikipedia.org,Ultrices Posuere Cubilia LLP,(555) 696-1841,False,52181834-6AD1-D8A8-A9AF-0D9997C5456D,3:16 PM
Arthur Mcintosh,proin@icloud.edu,https://instagram.com,Accumsan Institute,(336) 154-4330,True,122D2758-AF2D-9647-9369-6E69435A5771,11:28 PM
Cole Mcneil,id@google.couk,http://google.com,A Nunc In Incorporated,1-307-642-3215,True,30979B3E-169B-88E7-CF28-B92951A9CC85,2:29 PM
Ignatius Sandoval,consequat.purus.maecenas@aol.org,http://whatsapp.com,Pellentesque Tellus Sem Inc.,(719) 525-1452,False,9D4C2561-E954-FA62-E935-394B3771AC4D,7:46 PM
Xander Nixon,mauris.vel@protonmail.com,http://baidu.com,Mollis Phasellus Company,(755) 822-1516,True,85C1DAD7-43BD-CB2D-CB7E-4C31DAB68018,1:26 AM
Mark Luna,diam@protonmail.org,http://wikipedia.org,Aliquet Corp.,(414) 406-7128,False,C6E924A3-D298-8C55-E63D-76A67D553666,7:59 PM
Zoe Burris,lacus.cras@protonmail.com,https://wikipedia.org,Nunc Ut Company,(141) 810-1823,False,845AFBAC-2546-48D6-211C-4FAB65CAF9C9,4:58 AM
Chelsea Wooten,nam@protonmail.ca,https://pinterest.com,Dolor Inc.,(862) 372-5146,True,C485B7E7-B087-22C2-2A9E-A33EADFFDF2E,9:27 AM
Brandon Luna,fermentum.risus@protonmail.net,https://whatsapp.com,Viverra Maecenas Institute,1-898-897-2891,False,0B5EF22A-7697-32C4-669D-43866C8FD19B,5:45 AM
Trevor Kirkland,arcu.curabitur.ut@google.org,https://pinterest.com,Diam Ltd,(986) 504-1808,True,259E3198-E26C-E44E-32B4-5F1BD22C7996,2:14 PM
Audra Beard,erat.neque@aol.com,http://cnn.com,Convallis Ante Lectus Associates,1-369-848-6277,False,E44AD25F-D6D6-5299-3362-2440E978683C,5:54 PM
Wade Patrick,nibh.donec.est@outlook.edu,https://netflix.com,Et Risus Consulting,(908) 612-2763,False,3D7FAE0E-EDDE-2821-880F-D7763E317A22,3:58 AM
Rahim Ramsey,id.enim@aol.org,https://baidu.com,Neque Sed PC,(668) 714-7911,False,EB2D4266-8E6C-00E6-C182-079165A8B387,4:33 PM
Marah Mason,arcu.vel.quam@yahoo.org,https://netflix.com,Penatibus Et Magnis Ltd,(247) 334-3401,True,BE537A62-1671-C87E-4A8F-D35317659C22,10:53 PM
Bevis Bird,suspendisse.eleifend@protonmail.edu,https://instagram.com,Dictum Ultricies Ltd,1-972-417-3276,True,BA803328-331E-3769-CDBE-CE90861AE79B,9:29 PM
Nina Hoffman,lectus.justo@aol.edu,https://zoom.us,Amet LLP,1-982-581-3565,True,47EE3ACB-CD9B-1B64-D658-E82B85418E31,11:42 AM
Barrett Kemp,erat.eget@aol.com,https://facebook.com,Et Eros LLC,1-561-591-1885,False,DA784179-86CD-079B-25AA-81CCDE1B9862,9:44 AM
Armand Buck,arcu.curabitur@hotmail.org,https://bbc.co.uk,Augue Ut Lacus Associates,1-401-142-7020,True,0612313E-A655-C3BA-C568-B93E63518A5C,7:27 AM
Cassidy Carson,sed.auctor.odio@protonmail.net,http://pinterest.com,Quam Pellentesque LLC,1-219-185-2786,True,220EC515-163E-B779-AED3-29C6940ECC9A,3:01 AM
Dante Lynch,et.magnis@hotmail.couk,http://twitter.com,Sed Eget Industries,1-836-467-7312,True,D54B74AD-FB8B-D267-863A-B14A61C35978,9:04 AM
Hadley Walters,suspendisse.dui@google.com,http://walmart.com,Lorem Corporation,1-958-241-3315,True,E67869C1-6B6F-16B9-4B08-5842467716F3,2:47 AM
Gage George,libero.mauris@icloud.ca,https://reddit.com,Erat Eget Ipsum LLP,1-655-512-3265,True,46277C5A-3289-3AF8-EA9B-490B88A5F3B2,8:58 AM
Wyatt Pittman,amet@google.com,http://nytimes.com,Maecenas Foundation,1-918-288-2958,False,1E48181D-5A11-79AA-D486-77BCF8BB26C4,5:16 AM
Raven Carr,rutrum.fusce.dolor@hotmail.org,http://instagram.com,Nibh Enim Company,(866) 368-3832,False,5B2A291A-1B16-6C7C-8CA1-854E0C01CEEC,9:26 AM
Hilel Solomon,dolor.quisque.tincidunt@outlook.ca,http://guardian.co.uk,Sit Amet Metus Incorporated,1-707-648-3369,False,8A107574-9248-88C9-CA9A-E8709B1DB702,7:45 AM
Inez Johnson,adipiscing@hotmail.ca,http://wikipedia.org,Enim Suspendisse Inc.,1-888-428-0791,True,90A817D8-AA95-A16E-79C8-25286415853A,2:33 PM
Britanni Curry,amet.risus@hotmail.com,https://yahoo.com,Malesuada Inc.,(519) 402-4551,False,E4DB3D60-D9D7-59C3-B257-B4919C965A9B,9:33 AM
Gloria Clements,risus@icloud.ca,http://yahoo.com,Gravida Praesent Corporation,(807) 441-7443,False,813BA978-DF90-B4FC-4E87-CC3E741D6794,7:30 PM
Jacob Sykes,non@yahoo.couk,http://netflix.com,Dolor Dolor Tempus Inc.,1-339-455-5777,False,47A5164C-4B47-7E47-838D-E4A499621447,6:37 AM
Adele Slater,neque@yahoo.com,http://nytimes.com,Mattis Semper Incorporated,(223) 731-5924,True,3FD3BAB8-331B-1915-108B-E2399A2C6DC6,1:53 AM
Oleg Kane,at@outlook.com,https://netflix.com,Nisl Elementum PC,(233) 813-1250,True,AB7A5168-655E-32E2-C5C2-0121AA0ABA17,7:34 PM
Quentin Ratliff,nunc.mauris@yahoo.com,http://ebay.com,Nunc Risus Institute,1-510-544-1044,True,23DB1E67-96A0-229B-266A-BFE9C08D7565,12:18 PM
Axel Hancock,mauris@yahoo.org,http://facebook.com,Odio Phasellus At LLC,1-126-484-4618,False,FCAD4B32-E3EE-7C43-3568-DC4457D72B6A,11:56 PM
Jackson Davis,blandit.mattis@icloud.org,https://wikipedia.org,Molestie Ltd,1-762-828-2257,False,99D49DFA-1699-3623-16D6-F6DAE5190414,2:24 PM
Giselle Frazier,magnis.dis@aol.org,https://walmart.com,Posuere Vulputate Industries,1-455-332-1568,False,6CE5C1DE-CA86-D55E-9C04-6985ECC368C4,12:08 AM
Liberty Lucas,in.nec@yahoo.couk,https://baidu.com,Aenean Sed Pede LLC,1-249-955-8535,False,B08B4288-EBC2-F9EA-F1B8-4E694D6E548B,5:02 PM
Oprah Willis,justo.eu.arcu@protonmail.edu,https://facebook.com,Ante Ipsum Inc.,1-453-690-7668,True,61CCEC56-EB8D-71AA-E133-5C556842AD78,9:02 AM
Desiree Wiley,euismod@outlook.com,http://guardian.co.uk,Dui Fusce Limited,(437) 756-9246,False,09C953E3-7536-6C48-BF8B-ABE85EDBCF63,3:24 AM
Anthony Ward,habitant.morbi@aol.net,http://youtube.com,Metus Urna Corporation,(815) 142-0113,False,53BD6DC0-6849-9E7A-8A3C-1A16D22BB287,8:28 AM
Alexandra Cortez,nunc.sed.pede@hotmail.ca,https://cnn.com,Etiam Gravida Molestie LLP,(469) 326-4818,False,CEC69A79-D67B-150E-47D8-7135F3AEE2A9,1:19 PM
Cruz Velasquez,eu.enim@hotmail.edu,https://whatsapp.com,Curabitur Ut Institute,1-791-946-2742,False,B366091D-5C8A-0232-D98A-CC5818B8346B,4:00 PM
Grace Clayton,egestas.rhoncus.proin@outlook.couk,https://naver.com,In Consequat Company,1-336-152-2568,False,108495DB-B718-8FF4-A591-31249559B6F3,8:59 AM
Nero Santos,vestibulum.ante@protonmail.couk,http://wikipedia.org,Massa Integer LLC,1-473-496-9773,False,17A867A5-F715-F6A2-9EAD-48975A6175FC,2:57 AM
Kennan Parker,donec.sollicitudin@icloud.couk,http://netflix.com,Erat Volutpat Associates,1-293-435-9136,False,8BDE3A75-947E-6831-A998-39F8C8D5B794,1:34 AM
Jamalia Massey,ultrices.posuere.cubilia@outlook.ca,https://ebay.com,Sit Amet Corp.,1-569-274-5767,False,93E54AF1-924A-3DD8-8ED0-5AA2587B02A1,11:59 PM
Skyler Young,facilisis@icloud.net,https://guardian.co.uk,Aenean Gravida Nunc Corp.,1-552-216-5069,False,3C0F3FA8-2093-D25C-82E9-1907E57664C1,6:33 PM
Kameko Aguilar,sed.facilisis.vitae@google.edu,http://yahoo.com,Ut Institute,(813) 573-6226,False,536DC129-8B0C-A629-FA7C-4DB5A4E40A22,6:05 AM
Halee Deleon,vel.quam@icloud.org,http://twitter.com,Amet Inc.,(256) 572-6285,True,3B847A53-BD97-CD51-982D-5D77BA7A569B,4:53 AM
Ocean Melendez,luctus@yahoo.org,https://wikipedia.org,Donec Vitae Foundation,(578) 556-1116,True,27D3E026-18AC-94AE-AF1D-DE7E3378B444,5:42 AM
Clementine Elliott,curabitur.egestas@hotmail.couk,http://instagram.com,Risus Varius Company,(236) 814-0735,True,EECC3489-2335-BC9D-EDEC-A44139F7A7D4,10:07 PM
Sheila Snyder,laoreet.posuere@aol.edu,http://baidu.com,Diam Corp.,1-836-658-5230,False,01A9A519-5723-11C7-3915-4BDE87EA2B42,6:31 AM
Grant Jacobs,sociis.natoque@protonmail.edu,http://pinterest.com,Risus Donec Egestas Associates,1-225-228-2216,False,AC384F48-E542-1259-2D76-32A8CA88CBC3,11:18 PM
Julian Ortega,sagittis@google.edu,https://ebay.com,Fringilla Ornare Institute,(282) 219-1012,False,776948D7-0C7F-29D6-8DF7-DB48B6DB8C75,8:16 AM
Thomas Todd,vel.convallis@hotmail.com,http://ebay.com,Iaculis Enim Sit Inc.,1-641-852-7443,False,5898E789-51DB-A88F-234C-36A61ED15C7A,8:16 AM
Alexis Kirk,augue.scelerisque@icloud.net,https://cnn.com,Augue Ac Ipsum Foundation,(488) 478-7696,False,3A8444F1-D454-18A4-2B33-535171EBCE6B,12:21 AM
Molly Galloway,magna.a@google.com,https://yahoo.com,Torquent Per Ltd,1-857-793-3539,True,4C0A11C0-B0DA-5A4A-6862-7DE3169D848A,12:49 PM
Ayanna Wall,eu@hotmail.couk,http://guardian.co.uk,Augue Ut Company,1-713-504-3410,False,224C9769-2162-7185-3867-E83F3AADC6A8,7:50 AM
Savannah Palmer,a.aliquet@aol.com,https://zoom.us,Proin Velit Sed Corporation,(266) 880-9576,True,43BF2EE5-7186-7974-222A-6B6CBEBCDBC6,10:12 PM
John Wall,morbi.vehicula.pellentesque@hotmail.com,http://facebook.com,Justo Nec Ante Institute,1-262-596-5136,False,6396B571-E618-B85E-ACF6-A4AEDA7BF5F1,1:05 PM
Emery Henderson,duis.elementum.dui@hotmail.couk,http://walmart.com,Egestas A Dui Corporation,1-189-692-6539,True,2726884E-983E-5C1C-2770-37D135796B58,8:13 PM
Lucian Fuentes,quis.massa@protonmail.edu,http://naver.com,Pede Corp.,1-928-976-5112,True,718BFDD4-3C97-98F7-8F5B-B38CAC79DF19,11:41 PM
Edan Estrada,phasellus@protonmail.org,https://cnn.com,Libero Limited,(393) 358-8253,False,4C9EEB6E-A1E5-E34C-E29D-5A4E8DAC9CC2,11:02 PM
Georgia Chavez,erat.etiam@outlook.edu,https://yahoo.com,Ligula Nullam LLP,1-863-832-3075,False,A77BB0B1-5130-8B24-CF4F-CF36F8A91BC4,10:55 AM
Kristen Nieves,tincidunt.adipiscing@icloud.ca,http://walmart.com,Tortor Integer Aliquam Associates,1-553-130-7258,False,E88787B9-3182-F76C-E4D7-97C64B7172DB,10:11 PM
Nadine Chaney,turpis@yahoo.ca,http://walmart.com,Odio Nam Incorporated,1-703-700-0575,False,B4C82CED-8597-9DE4-2941-CAE17BDF3F32,1:33 PM
Burke Bird,suspendisse.sagittis@yahoo.ca,https://yahoo.com,Nunc Commodo Auctor LLP,1-795-996-4298,True,35794594-C1A2-8165-FB9E-277BCA9ABEDC,6:19 PM
Rae Mcintyre,posuere@hotmail.couk,http://google.com,Nunc Interdum LLC,1-827-649-0071,False,3B4EDD40-B49A-26D9-4E98-28C7B921D19F,6:57 PM
Joseph Golden,aliquam.ultrices@yahoo.org,http://twitter.com,Scelerisque Mollis Ltd,(506) 392-1586,True,A97A8FC1-5756-C443-5EE4-B2D3F41941D7,7:47 PM
Christopher Morton,nisl.sem@outlook.edu,https://baidu.com,Felis Incorporated,1-579-536-0288,False,21FDA71C-5515-765F-4E5B-54C388F0413B,2:03 AM
Yoshio Osborne,turpis.nec@aol.net,https://nytimes.com,Ligula Consectetuer Rhoncus Limited,(532) 365-4246,False,D6B547E8-DC73-65D4-DD89-5729A1C70C4A,8:42 PM
Lunea Soto,diam.eu@yahoo.ca,http://yahoo.com,Rhoncus Proin Nisl Ltd,1-544-682-8352,True,F9C88B4F-9EEC-231B-2DC1-76E56FBE3E58,5:50 AM
Chandler Walters,ullamcorper.viverra@google.org,http://walmart.com,Imperdiet Ornare In Corp.,1-667-787-8504,True,23ED5024-0D6E-D52A-B959-0EEC8BA05256,11:59 PM
Iliana Wood,fermentum.metus@icloud.ca,http://naver.com,Convallis Erat Inc.,(555) 471-4573,True,F2CDE345-B854-1AB7-C39E-9D7BFAE76407,5:05 AM
Justin Dunn,massa.lobortis@protonmail.edu,https://cnn.com,Velit Consulting,(516) 861-1068,True,BDDCE550-E2E8-A0B1-2377-FE5ACEA8556F,9:22 AM
Noah Mcconnell,sem.nulla@icloud.net,http://instagram.com,Nec Leo LLP,(304) 570-6962,True,6CA36F9E-FB24-A8DA-DD96-8AA32DD96881,8:39 AM
Gil Gibbs,sit@protonmail.com,https://facebook.com,Risus Donec Nibh Corporation,1-816-437-7392,True,CC52BD53-73BD-B842-E55E-DC87A44785FA,12:04 PM
Warren Calderon,purus.nullam@aol.com,https://nytimes.com,Sociis Natoque Ltd,(386) 729-4268,True,3F1AED63-D6F8-E33E-D015-D51413ACDE8A,4:08 PM
Jessamine Moses,nec.ante@icloud.couk,http://youtube.com,Est Nunc Industries,(645) 701-7678,True,3945DE26-5412-0AB7-949E-BBB1AFE9499A,8:22 PM
Amal Rowe,euismod.enim.etiam@hotmail.couk,https://yahoo.com,Dignissim Pharetra Associates,1-717-630-6180,True,39772E03-7D49-9733-BDA3-FBD4E1D35C8E,9:26 AM
Sarah Johnson,interdum.libero@hotmail.com,http://reddit.com,Vehicula LLC,(234) 412-6733,True,4FD6A7DE-5AF2-5DAB-8868-1B4A1414C041,3:42 PM
Christian May,risus@outlook.ca,https://guardian.co.uk,Donec Feugiat Corp.,1-947-457-9757,True,A4D1F6D9-3DB5-0B35-CEB0-DEF243BDEC51,8:35 PM
Axel Simmons,tristique@hotmail.ca,http://ebay.com,Sodales Incorporated,1-536-777-2896,True,899DAD8C-B699-954D-DDAD-7CE196A89582,12:40 AM
Doris Cantrell,eu.eros@google.ca,https://ebay.com,Lorem Ut Incorporated,1-365-475-8747,False,62D3C909-286A-8269-9F34-F6EDF3CCE1F9,2:19 PM
Ahmed Allison,libero.proin@icloud.com,https://wikipedia.org,Mauris Blandit Institute,1-455-874-7591,False,123B626A-D42B-CB81-4EE2-83CB6E6CAEA4,12:04 PM
Kyra Mcclure,aenean.euismod.mauris@aol.com,http://whatsapp.com,Eu Arcu Foundation,(637) 834-7756,False,15C12BE6-067C-306A-2E4D-CF945B8955A7,8:54 AM
Steven Avila,eu.eros.nam@google.edu,http://guardian.co.uk,Sociosqu Foundation,1-535-817-7536,True,B564E329-8E5C-0412-45D5-5A83C129DDF2,5:14 AM
Oliver Walter,etiam.laoreet@outlook.org,http://cnn.com,Sed Institute,(372) 368-8701,True,48FA2F11-C014-556C-06FA-9C4E126B651A,12:19 PM
Alexander Adams,enim.sit@aol.org,http://bbc.co.uk,Donec Elementum Lorem Inc.,(384) 675-3664,False,268F6B1D-25CC-BDA5-369E-69234CC46658,2:32 AM
Dominic Harrison,dictum@hotmail.edu,http://whatsapp.com,Eget Odio Limited,1-526-269-5447,True,2FE8B97C-CD12-B5B9-D913-49B513A131EB,10:00 PM
Carly Cunningham,parturient@outlook.ca,https://ebay.com,Mus Donec Dignissim Incorporated,1-616-788-6161,True,EE95DA86-3518-C757-B41B-34208D48B252,1:50 PM
Cullen Holcomb,eu.neque.pellentesque@protonmail.edu,http://guardian.co.uk,Consectetuer Euismod Ltd,(255) 842-6185,False,E332BA53-B464-6DBA-84A8-DB3370798C9D,3:46 AM
Kirk Dotson,tincidunt.aliquam@yahoo.com,https://naver.com,Eget LLP,1-854-424-7374,True,93BD82E6-AF2F-E2A0-6C86-A53963C8AB61,6:46 PM
David Ballard,phasellus@yahoo.org,https://yahoo.com,Justo Eu Arcu Limited,1-965-843-8817,False,FDEF5103-65EF-5431-C741-C892F7C4D84E,9:48 AM
Cleo Benjamin,aenean.euismod.mauris@icloud.couk,http://guardian.co.uk,Commodo Associates,1-492-147-2415,True,48A59682-652F-959A-33A3-27A4013027D6,8:57 PM
Uriah Lynch,tellus.imperdiet.non@outlook.edu,https://twitter.com,Convallis PC,1-651-171-4305,True,5B16E7D7-F253-D8EC-822B-E23241AA45F3,10:35 PM
Orlando Guy,eget.nisi@icloud.org,http://ebay.com,Lobortis Augue Company,(200) 343-7350,False,4AA06133-DCC2-CE71-3DB8-C825EBBE6129,10:27 AM
Emery Bradley,nisi.cum@hotmail.com,https://twitter.com,Duis A Associates,1-685-417-1242,True,8BC11278-2E19-4D2A-E23B-6F3CBC3746CA,2:26 AM
Hedwig Walton,velit.dui.semper@aol.couk,http://wikipedia.org,Tempus Scelerisque Foundation,1-252-386-2683,True,3C5E52DF-86C5-1CF1-E1CB-B556E82BA6CB,11:09 PM
Brock Schmidt,sapien@icloud.couk,https://yahoo.com,Est Tempor PC,(562) 807-2575,True,8F22B933-9481-7AAA-79EB-DD8FA6D9BD55,10:05 PM
Coby Ramsey,at.egestas.a@hotmail.ca,http://whatsapp.com,Imperdiet Dictum PC,1-654-298-5638,True,D44999B7-DA30-D54B-6F20-B5C812EB98F4,9:02 AM
Leslie Mitchell,amet.consectetuer@yahoo.net,https://pinterest.com,Morbi Neque Tellus LLC,(491) 427-2788,False,EF353335-9D43-A218-B4CB-EA4E46C8BD27,10:32 AM
Simon Roman,nullam.velit@protonmail.com,https://bbc.co.uk,Porttitor Tellus Company,(863) 954-3910,False,8A9D059A-48BA-27C3-A1A8-71D8B1D57309,9:00 AM
Amery Solis,at.pretium.aliquet@yahoo.edu,http://baidu.com,Dictum Phasellus Foundation,(651) 126-1549,True,8D914D83-8EA4-A2C2-A06E-273A5C59A699,2:29 PM
Christopher Durham,euismod.est.arcu@icloud.couk,http://twitter.com,Lorem Fringilla Ornare Industries,1-573-448-1431,True,EECF3457-3AD5-EEE9-DA51-1D4177363439,11:41 PM
Wendy Valencia,turpis.nulla@outlook.org,https://guardian.co.uk,Auctor Ullamcorper Limited,1-506-288-3555,True,AD04DB86-B9E7-3181-595C-5428E5E3D853,11:01 AM
Odette Norris,tempor@protonmail.edu,http://nytimes.com,Praesent Consulting,(474) 380-9777,True,0E660D5C-957F-AB8D-411A-4B857D7892D6,2:55 PM
Aileen Walton,erat@google.edu,http://google.com,Duis Ac Consulting,1-283-226-4846,True,7BFC4104-E587-46FD-BBBA-CB0F27C42967,2:55 AM
Jamalia Roberts,magna.phasellus@yahoo.couk,https://pinterest.com,Eu Dui Cum Industries,1-653-886-4068,False,BC79D197-1122-A828-9B5C-10FD7CC62331,4:30 PM
Keefe Lambert,sapien.aenean@google.ca,https://reddit.com,Lobortis LLC,(541) 900-4424,True,DD929D58-10C5-57C1-663A-A246459BBAB2,5:08 AM
Kevin Ramos,vel.quam@icloud.couk,https://yahoo.com,Enim Sed Corp.,1-280-553-5252,False,BE7ED19C-18B2-9DCA-6F23-9B2C444067C2,7:03 AM
Adrian Flynn,tellus.sem@yahoo.ca,http://guardian.co.uk,Sociis Natoque Penatibus Institute,(472) 541-9778,True,EB6F73FD-8225-6744-933A-04A36A8A73B3,3:08 PM
Cassady Gay,proin.vel@outlook.net,https://youtube.com,Vitae Risus Limited,1-384-430-2186,False,513FCB92-95C6-CFFD-E693-5A30872F51CB,8:51 AM
Zeph Kent,curabitur@aol.edu,https://bbc.co.uk,Cras Vulputate Institute,(282) 182-3845,False,F8048E0D-C22E-710A-5023-12F0DE69C5C0,4:19 AM
Rajah Vega,suspendisse.ac.metus@outlook.couk,http://twitter.com,Lectus Rutrum Foundation,1-572-818-3836,True,D9C29BC6-050A-992C-482E-27D9465F59E9,10:24 PM
Indira Castro,cum.sociis.natoque@google.edu,http://pinterest.com,Ut Erat Corporation,(718) 722-1514,False,26EE379E-85B5-E890-E9AA-265D1ACA5B6F,7:56 PM
Cameron Griffin,quis.tristique.ac@yahoo.com,http://netflix.com,Ultrices Inc.,1-627-648-6661,True,D41166CA-D72E-ADC9-DCC8-7EB25A263011,7:22 PM
Althea Tran,aliquam.erat.volutpat@yahoo.edu,https://bbc.co.uk,Vel Corp.,(648) 781-4727,False,32149776-7354-921A-A6CD-106C0A1B234F,8:32 PM
Cadman Parks,auctor.non.feugiat@google.com,https://netflix.com,Tempus Corporation,1-666-660-1292,True,291650EE-9A0A-8AAD-C222-A77399D3213A,12:19 PM
Leroy Chase,lorem@google.net,http://whatsapp.com,Aenean Massa Integer LLC,(553) 134-5418,True,A99A63CA-8642-C0C3-33A8-9FBC861B9619,5:30 PM
Tucker Anderson,est@aol.com,http://facebook.com,Id Ante PC,(835) 280-1258,True,11C20751-5855-BD84-32A2-0EEBABD3B382,7:13 AM
Zane Padilla,aenean.euismod@outlook.org,https://facebook.com,Risus Consulting,(573) 523-8276,False,D5A6D335-71AA-CD22-3BD2-2861C7C416AD,9:42 AM
Connor Jordan,placerat.augue.sed@yahoo.ca,http://walmart.com,Sit Amet Associates,(768) 746-7116,True,C3725B16-0D85-B367-115A-9EA3B3FC8E57,4:18 PM
Tanya Burton,natoque.penatibus@protonmail.edu,https://guardian.co.uk,Nulla Tincidunt Neque Corp.,1-102-517-8319,False,EC6BCEEB-1799-3C0F-FEC8-17188A3B62E4,10:10 AM
Cain Hickman,adipiscing@aol.net,http://baidu.com,Dignissim Tempor Arcu Limited,(716) 874-1678,True,4DD2C536-58DF-C571-6245-EE533EBBFCBB,11:39 PM
Kennan Simpson,arcu.nunc@icloud.ca,http://guardian.co.uk,Vulputate Ltd,(857) 784-8267,False,DFC6D353-B016-4E19-2A87-975CD8072891,7:28 AM
Hunter Hill,primis.in@icloud.org,https://netflix.com,Adipiscing Lacus Institute,1-353-343-7603,False,BFF24DEC-E251-17AD-3C1C-E1A809AB78E6,6:04 AM
